country,year,iso_code,population,gdp,co2,co2_per_capita,co2_growth_prct,cumulative_co2,coal_co2,oil_co2,gas_co2,methane,nitrous_oxide,temperature_change_from_co2,share_global_co2,energy_per_capita,primary_energy_consumption
Australia,1950,AUS,8176751.0,97678585639.0,55.636,6.804,15.752,1531.93,43.968,11.035,,80.725,38.059,0.004,0.938,,
Australia,1951,AUS,8418616.0,101837834925.0,61.051,7.252,9.734,1592.981,46.026,14.414,,83.949,38.792,0.004,0.957,,
Australia,1952,AUS,8630707.0,102764889671.0,62.406,7.231,2.219,1655.388,46.987,14.747,,86.567,39.58,0.004,0.965,,
Australia,1953,AUS,8816085.0,105967342755.0,63.003,7.146,0.956,1718.391,48.199,14.015,,89.038,40.418,0.004,0.947,,
Australia,1954,AUS,8999384.0,112566022174.0,67.921,7.547,7.806,1786.311,51.113,15.863,,92.297,41.299,0.004,1.0,,
Australia,1955,AUS,9205189.0,118700327065.0,71.946,7.816,5.927,1858.257,51.226,19.735,,94.825,42.217,0.004,0.966,,
Australia,1956,AUS,9424660.0,122785837699.0,75.471,8.008,4.9,1933.729,51.234,23.18,,97.416,43.167,0.004,0.952,,
Australia,1957,AUS,9638773.0,125243581586.0,75.474,7.83,0.004,2009.203,51.621,22.705,,100.151,44.14,0.004,0.922,,
Australia,1958,AUS,9847636.0,131258299271.0,77.929,7.913,3.252,2087.132,52.648,24.067,,103.157,45.133,0.004,0.926,,
Australia,1959,AUS,10060033.0,139341662275.0,83.068,8.257,6.595,2170.201,56.686,25.089,,106.937,46.138,0.004,0.938,,
Australia,1960,AUS,10280815.0,145192524679.0,87.441,8.505,5.264,2257.641,58.924,27.135,,110.253,47.149,0.004,0.932,,
Australia,1961,AUS,10500441.0,146189447751.0,87.008,8.286,-0.494,2344.649,56.48,29.114,0.0,112.848,47.592,0.005,0.924,,
Australia,1962,AUS,10707235.0,155328791291.0,90.909,8.49,4.483,2435.558,57.571,31.884,0.004,116.913,49.577,0.005,0.933,,
Australia,1963,AUS,10913270.0,164835225758.0,95.995,8.796,5.595,2531.552,58.789,35.657,0.007,119.856,50.956,0.005,0.935,,
Australia,1964,AUS,11128257.0,176116149958.0,103.545,9.305,7.865,2635.097,61.802,39.944,0.007,124.095,52.875,0.005,0.957,,
Australia,1965,AUS,11357479.0,185112108474.0,113.606,10.003,9.717,2748.704,63.812,47.908,0.007,127.47,54.033,0.005,1.004,37487.191,425.76
Australia,1966,AUS,11592485.0,190257575019.0,115.736,9.984,1.875,2864.44,66.917,46.994,0.007,124.343,53.187,0.005,0.976,38481.957,446.102
Australia,1967,AUS,11810521.0,203110686898.0,122.281,10.354,5.655,2986.72,68.541,51.842,0.007,129.048,54.853,0.005,0.999,40056.914,473.093
Australia,1968,AUS,12030009.0,215046500976.0,128.768,10.704,5.305,3115.489,70.856,55.96,0.011,133.182,57.204,0.005,0.998,41703.523,501.694
Australia,1969,AUS,12272387.0,228127284464.0,136.414,11.115,5.937,3251.902,72.267,61.53,0.487,139.239,59.373,0.005,0.991,42569.41,522.428
Australia,1970,AUS,12599414.0,242644629554.0,147.863,11.736,8.393,3399.765,74.674,68.205,2.755,140.836,60.452,0.006,0.992,45248.266,570.102
Australia,1971,AUS,12997963.0,253439751826.0,151.118,11.626,2.201,3550.883,72.748,71.955,4.1,137.814,56.327,0.006,0.975,46069.344,598.808
Australia,1972,AUS,13304897.0,260535644000.0,153.598,11.544,1.641,3704.481,74.0,71.318,5.844,159.745,71.088,0.006,0.947,47057.488,626.095
Australia,1973,AUS,13518689.0,274659478818.0,170.142,12.586,10.771,3874.623,79.03,82.035,6.485,143.157,55.7,0.006,0.996,49513.375,669.356
Australia,1974,AUS,13719499.0,281474163714.0,166.183,12.113,-2.327,4040.806,79.196,76.71,7.709,149.989,61.181,0.006,0.978,51889.727,711.901
Australia,1975,AUS,13893988.0,289103008400.0,173.102,12.459,4.163,4213.907,84.33,77.93,8.369,156.888,68.691,0.006,1.019,52101.688,723.9
Australia,1976,AUS,14046758.0,300755701500.0,169.803,12.088,-1.906,4383.71,84.598,73.452,9.259,170.995,81.452,0.006,0.951,53328.191,749.088
Australia,1977,AUS,14203511.0,303887958765.0,181.913,12.808,7.132,4565.623,90.491,77.897,11.051,166.911,78.484,0.006,0.991,55336.211,785.969
Australia,1978,AUS,14367099.0,312728264226.0,191.052,13.298,5.024,4756.674,93.311,81.48,13.802,146.252,63.165,0.006,1.004,56463.793,811.221
Australia,1979,AUS,14533034.0,329194298316.0,192.322,13.233,0.665,4948.997,94.767,79.688,15.286,160.546,76.594,0.006,0.986,57888.219,841.291
Australia,1980,AUS,14721345.0,335756463773.0,204.37,13.883,6.265,5153.367,101.825,82.222,17.671,164.216,81.393,0.007,1.053,57348.492,844.247
Australia,1981,AUS,14949210.0,348726734203.0,213.81,14.302,4.619,5367.177,104.819,85.675,20.361,140.356,57.612,0.007,1.132,57380.551,857.794
Australia,1982,AUS,15192484.0,348301464000.0,218.001,14.349,1.96,5585.178,107.585,85.063,22.53,158.329,74.753,0.007,1.164,55943.414,849.919
Australia,1983,AUS,15414891.0,348353556000.0,207.645,13.47,-4.75,5792.823,105.149,76.889,22.79,142.857,61.718,0.007,1.099,54594.711,841.572
Australia,1984,AUS,15620653.0,372379590000.0,217.515,13.925,4.753,6010.338,109.101,81.405,24.05,146.857,62.578,0.007,1.118,55782.266,871.355
Australia,1985,AUS,15835743.0,391229265000.0,224.557,14.18,3.238,6234.896,119.256,71.911,30.148,168.792,83.45,0.007,1.115,56599.375,896.293
Australia,1986,AUS,16069631.0,399344400000.0,224.04,13.942,-0.23,6458.935,118.775,73.947,28.092,158.013,71.549,0.007,1.096,56778.605,912.411
Australia,1987,AUS,16322272.0,419094027000.0,234.598,14.373,4.713,6693.534,126.142,76.35,28.971,146.672,59.24,0.008,1.112,57439.195,937.538
Australia,1988,AUS,16594104.0,437912800000.0,240.737,14.507,2.617,6934.271,130.359,77.208,29.686,144.559,60.039,0.008,1.098,59136.32,981.314
Australia,1989,AUS,16869362.0,457176167000.0,256.838,15.225,6.688,7191.109,141.141,81.437,30.346,151.938,63.628,0.008,1.157,61040.418,1029.713
Australia,1990,AUS,17126304.0,464136588000.0,278.061,16.236,8.263,7469.169,141.877,88.851,34.455,163.762,73.848,0.008,1.223,61372.223,1051.079
Australia,1991,AUS,17353191.0,461302112920.0,279.437,16.103,0.495,7748.607,146.083,88.251,32.786,164.542,73.22,0.008,1.204,60158.379,1043.94
Australia,1992,AUS,17549286.0,478633731062.0,284.433,16.208,1.788,8033.041,150.049,87.923,33.97,162.966,72.29,0.008,1.263,60425.266,1060.42
Australia,1993,AUS,17722905.0,501524767329.0,288.78,16.294,1.528,8321.821,150.096,90.392,35.67,160.821,71.96,0.008,1.269,61188.77,1084.443
Australia,1994,AUS,17897433.0,527993237904.0,293.613,16.405,1.674,8615.435,151.376,91.928,37.032,160.115,72.979,0.008,1.278,62888.992,1125.552
Australia,1995,AUS,18095340.0,549038744439.0,304.962,16.853,3.865,8920.396,155.735,96.148,39.847,160.051,71.606,0.009,1.297,63789.848,1154.299
Australia,1996,AUS,18305305.0,574765618472.0,311.851,17.036,2.259,9232.248,160.388,98.723,39.781,152.869,68.181,0.009,1.287,64906.695,1188.137
Australia,1997,AUS,18504911.0,601472798853.0,320.243,17.306,2.691,9552.49,167.683,98.41,41.09,154.13,67.575,0.009,1.314,65781.891,1217.288
Australia,1998,AUS,18701710.0,634847053105.0,334.038,17.861,4.308,9886.527,177.614,99.17,43.506,158.015,72.201,0.009,1.375,66642.594,1246.33
Australia,1999,AUS,18909980.0,664520698611.0,343.876,18.185,2.945,10230.404,183.231,100.839,45.564,173.283,88.311,0.009,1.384,68606.484,1297.347
Australia,2000,AUS,19132472.0,692059312020.0,349.898,18.288,1.751,10580.302,185.797,102.678,46.61,185.127,93.781,0.01,1.372,68222.211,1305.26
Australia,2001,AUS,19365438.0,713890072308.0,357.668,18.469,2.221,10937.97,190.082,103.202,49.326,197.299,103.915,0.01,1.392,67924.375,1315.385
Australia,2002,AUS,19595356.0,747065694937.0,362.425,18.495,1.33,11300.394,191.147,105.481,50.589,190.631,97.392,0.01,1.38,68472.609,1341.745
Australia,2003,AUS,19819449.0,774450991263.0,370.784,18.708,2.307,11671.18,195.386,110.951,49.912,147.337,60.966,0.01,1.341,68662.977,1360.862
Australia,2004,AUS,20046679.0,809792445090.0,382.005,19.056,3.026,12053.184,202.225,114.086,51.455,168.446,82.404,0.011,1.335,70058.688,1404.444
Australia,2005,AUS,20294490.0,840092380696.0,385.082,18.975,0.805,12438.265,200.715,116.654,53.322,148.877,61.452,0.011,1.301,69494.242,1410.35
Australia,2006,AUS,20590566.0,866678665246.0,391.373,19.007,1.634,12829.638,204.401,117.407,54.849,167.974,79.327,0.011,1.279,71432.609,1470.838
Australia,2007,AUS,20954545.0,911250727265.0,398.896,19.036,1.922,13228.534,203.559,118.853,61.006,165.577,75.065,0.011,1.266,71877.82,1506.167
Australia,2008,AUS,21370595.0,937889628737.0,404.279,18.918,1.349,13632.813,204.688,122.482,61.744,147.579,60.32,0.011,1.261,71675.375,1531.745
Australia,2009,AUS,21783014.0,963129933389.0,406.977,18.683,0.667,14039.791,206.066,122.362,63.087,151.71,64.432,0.012,1.291,69299.156,1509.545
Australia,2010,AUS,22141583.0,993853968687.0,405.026,18.293,-0.479,14444.816,200.635,124.506,64.246,141.697,53.296,0.012,1.216,68144.984,1508.838
Australia,2011,AUS,22479779.0,1024000293343.0,403.874,17.966,-0.284,14848.691,192.232,129.836,66.46,193.829,102.145,0.012,1.171,69333.531,1558.602
Australia,2012,AUS,22852648.0,1062662906305.0,405.005,17.722,0.28,15253.695,189.244,132.478,67.7,194.517,102.902,0.012,1.159,67218.164,1536.113
Australia,2013,AUS,23236271.0,1086068056518.0,397.85,17.122,-1.767,15651.546,176.436,135.764,69.98,153.629,63.836,0.013,1.128,66946.461,1555.586
Australia,2014,AUS,23595599.0,1113888062929.0,392.61,16.639,-1.317,16044.155,168.219,137.132,70.907,164.133,75.853,0.013,1.107,66387.727,1566.458
Australia,2015,AUS,23947997.0,1139303344945.0,400.589,16.727,2.032,16444.744,174.222,136.869,71.665,161.088,72.207,0.013,1.131,66879.32,1601.626
Australia,2016,AUS,24329963.0,1169967279612.0,409.666,16.838,2.266,16854.412,179.594,136.761,74.093,142.951,59.018,0.013,1.157,66045.68,1606.889
Australia,2017,AUS,24731044.0,1197832839959.0,413.408,16.716,0.913,17267.818,176.951,139.221,75.477,166.517,79.364,0.013,1.149,64778.02,1602.028
Australia,2018,AUS,25119700.0,1231576952488.0,414.781,16.512,0.332,17682.6,169.336,143.397,78.346,168.041,78.005,0.014,1.129,64726.418,1625.908
Australia,2019,AUS,25482714.0,1255505542015.0,414.925,16.283,0.035,18097.525,164.888,142.693,80.305,154.257,64.19,0.014,1.119,65938.531,1680.293
Australia,2020,AUS,25743787.0,1232259790388.0,398.547,15.481,-3.947,18496.072,156.622,134.777,83.378,135.224,54.751,0.014,1.134,61584.258,1585.412
Australia,2021,AUS,25956417.0,1296705194119.0,388.472,14.966,-2.528,18884.545,151.821,134.179,80.198,140.75,64.206,0.014,1.054,61230.445,1589.323
Australia,2022,AUS,26200987.0,1344251444393.0,384.078,14.659,-1.131,19268.623,146.0,133.833,80.249,139.423,65.824,0.014,1.023,63386.535,1660.79
Australia,2023,AUS,26451126.0,,384.316,14.529,0.062,19652.938,140.982,141.61,78.682,141.254,66.471,0.015,1.009,62658.078,1657.377
Australia,2024,AUS,26713206.0,,386.732,14.477,0.629,20039.67,142.549,145.789,75.353,135.639,67.779,0.015,1.002,62595.039,1672.114
Brazil,1950,BRA,53408551.0,119498713953.0,19.659,0.368,166.86,315.519,6.383,12.579,0.004,102.044,22.991,0.008,0.331,,
Brazil,1951,BRA,55018849.0,125334815718.0,21.659,0.394,10.175,337.178,6.276,14.645,0.004,105.162,23.931,0.008,0.339,,
Brazil,1952,BRA,56694872.0,134544281777.0,24.934,0.44,15.12,362.113,6.008,18.108,0.004,108.442,25.308,0.009,0.386,,
Brazil,1953,BRA,58433756.0,140888047523.0,25.218,0.432,1.14,387.331,5.62,18.537,0.007,111.713,27.025,0.009,0.379,,
Brazil,1954,BRA,60235125.0,151832712656.0,29.676,0.493,17.674,417.007,5.752,22.549,0.015,115.175,28.986,0.009,0.437,,
Brazil,1955,BRA,62101393.0,165244237890.0,34.024,0.548,14.652,451.03,5.862,26.656,0.015,118.697,31.093,0.01,0.457,,
Brazil,1956,BRA,64033997.0,170024683125.0,36.608,0.572,7.597,487.639,5.071,29.737,0.018,122.239,33.249,0.01,0.462,,
Brazil,1957,BRA,66031498.0,183084423046.0,35.977,0.545,-1.724,523.616,5.028,29.061,0.033,125.758,35.359,0.011,0.44,,
Brazil,1958,BRA,68092148.0,202937298867.0,39.054,0.574,8.551,562.67,3.95,32.855,0.066,129.499,37.325,0.011,0.464,,
Brazil,1959,BRA,70214470.0,222726630328.0,39.017,0.556,-0.094,601.687,4.107,32.474,0.092,133.269,39.05,0.011,0.441,,
Brazil,1960,BRA,72388124.0,243618972875.0,46.852,0.647,20.08,648.539,4.965,39.018,0.114,137.411,40.437,0.012,0.499,,
Brazil,1961,BRA,74605442.0,264690940898.0,49.135,0.659,4.873,697.674,4.679,41.472,0.114,144.222,43.581,0.012,0.522,,
Brazil,1962,BRA,76865322.0,282182178609.0,53.611,0.697,9.109,751.285,5.668,44.826,0.11,148.778,44.878,0.013,0.55,,
Brazil,1963,BRA,79164237.0,283741047460.0,55.519,0.701,3.56,806.804,5.419,46.91,0.165,154.211,46.489,0.013,0.541,,
Brazil,1964,BRA,81488598.0,293385651687.0,56.621,0.695,1.984,863.425,6.17,46.999,0.161,159.758,47.944,0.014,0.523,,
Brazil,1965,BRA,83817586.0,300547041906.0,56.273,0.671,-0.615,919.698,6.944,45.766,0.194,165.478,49.851,0.014,0.498,3267.448,273.87
Brazil,1966,BRA,86139356.0,320583718312.0,64.154,0.745,14.006,983.852,8.365,51.857,0.245,169.215,51.226,0.015,0.541,3468.567,298.78
Brazil,1967,BRA,88446119.0,334149068085.0,66.022,0.746,2.912,1049.874,8.123,53.725,0.256,174.093,53.074,0.015,0.54,3500.2,309.579
Brazil,1968,BRA,90741243.0,366804798046.0,77.21,0.851,16.947,1127.084,8.533,63.978,0.231,179.122,55.001,0.016,0.598,3895.539,353.486
Brazil,1969,BRA,93045768.0,401601726554.0,84.072,0.904,8.887,1211.156,9.416,69.422,0.234,184.654,56.966,0.016,0.611,4146.475,385.812
Brazil,1970,BRA,95375656.0,443496716015.0,93.467,0.98,11.175,1304.623,8.904,78.255,0.154,191.922,60.364,0.017,0.627,4887.167,466.117
Brazil,1971,BRA,97739280.0,493683360000.0,102.314,1.047,9.465,1406.937,8.984,87.053,0.249,196.701,59.045,0.017,0.66,5176.854,505.982
Brazil,1972,BRA,100146794.0,552789520000.0,113.992,1.138,11.414,1520.929,9.373,97.726,0.275,208.0,63.906,0.018,0.703,5817.811,582.635
Brazil,1973,BRA,102600970.0,629980118000.0,132.029,1.287,15.823,1652.958,9.01,115.365,0.377,213.101,63.774,0.018,0.773,6703.924,687.829
Brazil,1974,BRA,105089675.0,681263712000.0,142.981,1.361,8.295,1795.939,9.541,124.836,0.692,226.112,70.128,0.019,0.841,7254.19,762.341
Brazil,1975,BRA,107619567.0,716641578000.0,150.287,1.396,5.11,1946.226,11.062,129.706,0.78,236.706,74.043,0.02,0.885,7457.292,802.55
Brazil,1976,BRA,110213353.0,790037637000.0,154.562,1.402,2.844,2100.788,11.52,132.208,0.916,254.249,80.277,0.02,0.865,7965.411,877.895
Brazil,1977,BRA,112875287.0,828975504000.0,162.314,1.438,5.015,2263.101,15.055,135.293,1.132,261.667,80.437,0.021,0.884,8330.01,940.252
Brazil,1978,BRA,115600943.0,870261975000.0,177.061,1.532,9.086,2440.162,17.708,145.469,1.484,264.966,82.124,0.021,0.931,8972.107,1037.184
Brazil,1979,BRA,118380819.0,929101336000.0,187.728,1.586,6.025,2627.89,18.463,154.526,1.63,274.427,84.922,0.022,0.962,9475.116,1121.672
Brazil,1980,BRA,121207451.0,1014791980000.0,186.127,1.536,-0.852,2814.017,19.987,150.21,1.883,297.684,91.079,0.023,0.959,9554.172,1158.037
Brazil,1981,BRA,124063113.0,971272328000.0,171.262,1.38,-7.987,2985.279,19.723,135.528,1.685,301.215,89.031,0.023,0.907,9034.091,1120.797
Brazil,1982,BRA,126923156.0,978935436000.0,171.439,1.351,0.103,3156.718,21.552,133.194,2.382,307.402,91.709,0.024,0.915,9301.312,1180.552
Brazil,1983,BRA,129790081.0,950507880000.0,165.851,1.278,-3.259,3322.57,23.926,125.74,3.378,310.429,91.968,0.025,0.877,9202.626,1194.41
Brazil,1984,BRA,132658861.0,1001891162000.0,167.524,1.263,1.009,3490.094,28.997,122.062,4.17,322.997,92.597,0.025,0.861,9625.038,1276.847
Brazil,1985,BRA,135515593.0,1080097284000.0,180.065,1.329,7.486,3670.159,34.871,127.517,4.994,327.049,93.953,0.026,0.894,10099.972,1368.704
Brazil,1986,BRA,138336371.0,1160963076000.0,197.183,1.425,9.507,3867.342,35.123,142.376,5.987,337.81,98.031,0.027,0.965,10427.861,1442.552
Brazil,1987,BRA,141104946.0,1201712854000.0,205.912,1.459,4.427,4073.254,40.234,145.541,6.639,349.389,102.165,0.028,0.976,10499.386,1481.515
Brazil,1988,BRA,143826357.0,1200534790000.0,207.64,1.444,0.839,4280.894,39.776,147.652,6.841,356.558,102.087,0.028,0.947,10742.801,1545.098
Brazil,1989,BRA,146502975.0,1238775447000.0,212.016,1.447,2.107,4492.91,39.93,151.58,7.306,367.351,99.784,0.029,0.955,10795.25,1581.536
Brazil,1990,BRA,149143223.0,1185475140000.0,218.658,1.466,3.133,4711.567,37.095,151.775,7.484,365.41,100.456,0.03,0.962,10479.675,1562.972
Brazil,1991,BRA,151724253.0,1213090136106.0,229.394,1.512,4.91,4940.961,42.466,156.7,7.336,373.664,103.996,0.031,0.989,10703.902,1624.042
Brazil,1992,BRA,154275077.0,1221828516629.0,233.601,1.514,1.834,5174.562,41.203,163.252,7.983,379.587,106.648,0.031,1.037,10708.817,1652.104
Brazil,1993,BRA,156794574.0,1298220757545.0,244.306,1.558,4.582,5418.868,42.343,171.252,8.73,382.577,110.082,0.032,1.074,11035.176,1730.256
Brazil,1994,BRA,159265011.0,1391783970549.0,254.002,1.595,3.969,5672.87,43.664,179.165,8.985,391.601,111.742,0.033,1.106,11345.266,1806.904
Brazil,1995,BRA,161735079.0,1468835128486.0,268.678,1.661,5.778,5941.547,45.582,190.347,9.603,397.709,113.545,0.034,1.142,11828.174,1913.031
Brazil,1996,BRA,164202549.0,1520364859776.0,289.311,1.762,7.68,6230.858,46.471,206.279,10.608,387.277,109.087,0.035,1.194,12366.625,2030.631
Brazil,1997,BRA,166661662.0,1591956040321.0,306.949,1.842,6.097,6537.807,47.047,219.83,11.863,396.153,111.744,0.036,1.259,12895.613,2149.204
Brazil,1998,BRA,169159651.0,1617675773756.0,317.359,1.876,3.392,6855.167,45.591,229.578,12.411,404.289,122.874,0.037,1.306,13238.571,2239.432
Brazil,1999,BRA,171641544.0,1645887982219.0,327.256,1.907,3.118,7182.422,46.805,235.468,14.069,410.408,123.775,0.038,1.318,13225.068,2269.971
Brazil,2000,BRA,174018278.0,1739728033832.0,340.183,1.955,3.95,7522.605,50.457,239.491,18.443,417.31,123.375,0.039,1.333,13586.246,2364.255
Brazil,2001,BRA,176301201.0,1785513006345.0,346.166,1.963,1.759,7868.771,49.43,241.792,23.185,429.615,127.265,0.04,1.347,13068.835,2304.051
Brazil,2002,BRA,178503485.0,1861742323845.0,347.765,1.948,0.462,8216.536,48.689,239.219,29.293,450.588,132.379,0.041,1.324,13173.609,2351.535
Brazil,2003,BRA,180622688.0,1904932706436.0,344.645,1.908,-0.897,8561.181,51.933,232.434,30.919,471.538,137.421,0.043,1.246,13211.707,2386.334
Brazil,2004,BRA,182675144.0,2038447931287.0,361.434,1.979,4.871,8922.615,53.833,239.768,38.215,494.991,145.924,0.044,1.263,13703.958,2503.373
Brazil,2005,BRA,184688101.0,2129214530430.0,364.371,1.973,0.812,9286.985,50.952,240.218,39.619,497.686,145.947,0.045,1.231,13910.277,2569.063
Brazil,2006,BRA,186653099.0,2240805319046.0,368.871,1.976,1.235,9655.856,50.835,242.251,42.053,493.284,143.004,0.046,1.206,14152.363,2641.583
Brazil,2007,BRA,188552311.0,2405626901513.0,390.573,2.071,5.883,10046.431,54.989,256.003,43.246,491.52,155.795,0.047,1.24,14905.908,2810.543
Brazil,2008,BRA,190367297.0,2559842659987.0,412.638,2.168,5.649,10459.067,55.315,267.239,51.303,488.155,148.711,0.048,1.287,15424.676,2936.354
Brazil,2009,BRA,192079958.0,2589568436235.0,389.775,2.029,-5.541,10848.843,43.586,262.705,40.959,486.858,144.287,0.049,1.237,15230.74,2925.52
Brazil,2010,BRA,193701931.0,2820492538862.0,440.269,2.273,12.955,11289.112,56.688,286.08,55.049,507.871,162.328,0.049,1.321,16462.07,3188.735
Brazil,2011,BRA,195284736.0,2968455007203.0,461.911,2.365,4.916,11751.023,62.292,303.885,53.101,505.267,159.959,0.05,1.34,16981.988,3316.323
Brazil,2012,BRA,196876113.0,3025484250011.0,497.468,2.527,7.698,12248.492,61.016,327.734,63.397,506.852,161.607,0.051,1.423,17312.078,3408.335
Brazil,2013,BRA,198478290.0,3116394665745.0,531.569,2.678,6.855,12780.061,65.604,342.338,74.704,506.459,161.161,0.052,1.507,17638.982,3500.955
Brazil,2014,BRA,200085126.0,3132099937531.0,556.526,2.781,4.695,13336.586,69.037,356.751,81.285,512.64,167.812,0.053,1.569,17870.57,3575.635
Brazil,2015,BRA,201675534.0,3021043246476.0,528.174,2.619,-5.094,13864.759,69.455,330.356,80.464,521.174,165.629,0.054,1.492,17530.328,3535.438
Brazil,2016,BRA,203218108.0,2922076150345.0,491.745,2.42,-6.897,14356.505,63.828,312.942,69.666,524.133,164.676,0.054,1.389,16983.99,3451.454
Brazil,2017,BRA,204703440.0,2960731613785.0,497.255,2.429,1.12,14853.759,67.318,315.045,70.688,522.645,173.265,0.055,1.382,16988.619,3477.629
Brazil,2018,BRA,206107265.0,3013541086239.0,476.601,2.312,-4.154,15330.359,65.837,298.889,67.418,522.116,167.676,0.056,1.297,16915.357,3486.378
Brazil,2019,BRA,207455459.0,3050327159562.0,476.724,2.298,0.026,15807.083,61.885,302.98,67.122,528.946,175.207,0.057,1.285,17194.145,3567.019
Brazil,2020,BRA,208660845.0,2950377451264.0,447.999,2.147,-6.025,16255.082,55.949,285.284,59.027,535.772,183.761,0.058,1.274,16401.875,3422.429
Brazil,2021,BRA,209550291.0,3097565215045.0,496.562,2.37,10.84,16751.645,67.936,303.465,75.975,545.361,189.952,0.059,1.347,17089.926,3581.199
Brazil,2022,BRA,210306411.0,3187412907763.0,480.058,2.283,-3.324,17231.701,56.112,315.339,60.086,566.221,194.986,0.06,1.279,17744.193,3731.718
Brazil,2023,BRA,211140731.0,,483.992,2.292,0.819,17715.695,54.906,323.29,56.12,566.203,196.181,0.06,1.271,18252.027,3853.746
Brazil,2024,BRA,211998565.0,,483.012,2.278,-0.203,18198.707,50.954,323.865,58.914,579.99,203.971,0.061,1.251,18486.229,3919.054
China,1950,CHN,544044355.0,436905185000.0,78.835,0.145,26.988,2271.156,77.615,0.619,0.015,338.883,51.342,0.012,1.329,,
China,1951,CHN,553758251.0,529606000000.0,102.115,0.184,29.53,2373.272,100.133,0.938,0.007,350.231,53.466,0.012,1.6,,
China,1952,CHN,565131435.0,595648770000.0,128.003,0.227,25.352,2501.275,125.448,1.337,0.015,360.725,55.971,0.013,1.979,,
China,1953,CHN,577557140.0,672668230000.0,133.786,0.232,4.518,2635.061,130.241,1.909,0.022,366.682,58.787,0.013,2.012,,
China,1954,CHN,590113859.0,624480190000.0,160.881,0.273,20.252,2795.942,155.595,3.342,0.029,375.938,61.844,0.014,2.369,,
China,1955,CHN,603547014.0,681084945000.0,190.521,0.316,18.424,2986.464,183.196,5.419,0.033,385.249,65.074,0.014,2.559,,
China,1956,CHN,616558585.0,738921885000.0,215.828,0.35,13.283,3202.292,205.026,8.094,0.048,393.422,68.408,0.015,2.723,,
China,1957,CHN,630356210.0,761702560000.0,255.789,0.406,18.515,3458.08,243.814,8.988,0.132,404.68,71.776,0.015,3.125,,
China,1958,CHN,644219478.0,766244655000.0,524.624,0.814,105.101,3982.704,508.182,12.359,0.213,455.782,75.11,0.016,6.233,,
China,1959,CHN,652708211.0,743927585000.0,720.163,1.103,37.272,4702.867,695.449,19.049,0.557,493.15,78.34,0.016,8.133,,
China,1960,CHN,654802068.0,705092990000.0,798.811,1.22,10.921,5501.678,748.387,22.991,1.993,505.635,81.397,0.017,8.51,,
China,1961,CHN,655773484.0,577128420000.0,570.641,0.87,-28.564,6072.319,522.486,22.336,2.818,471.063,85.796,0.017,6.061,,
China,1962,CHN,665073690.0,616503020000.0,459.625,0.691,-19.455,6531.944,411.933,21.764,2.323,452.963,88.451,0.018,4.715,,
China,1963,CHN,684552646.0,705534390000.0,456.787,0.667,-0.618,6988.731,406.136,23.27,1.957,462.457,93.885,0.018,4.449,,
China,1964,CHN,704798263.0,804504960000.0,460.644,0.654,0.845,7449.375,401.581,27.729,2.03,481.631,101.48,0.019,4.256,,
China,1965,CHN,723415737.0,896126805000.0,500.294,0.692,8.607,7949.669,433.001,34.999,2.11,496.665,108.992,0.02,4.423,2123.529,1536.194
China,1966,CHN,742402206.0,927339400000.0,549.467,0.74,9.829,8499.136,469.773,44.547,2.568,516.573,118.801,0.02,4.632,2248.522,1669.308
China,1967,CHN,761026025.0,933378350000.0,460.233,0.605,-16.24,8959.369,383.606,42.499,2.799,509.639,118.854,0.021,3.761,1972.427,1501.068
China,1968,CHN,781011030.0,912372780000.0,495.514,0.634,7.666,9454.883,412.728,48.651,2.686,518.813,122.268,0.021,3.84,1941.965,1516.696
China,1969,CHN,802140341.0,1006175600000.0,607.694,0.758,22.639,10062.578,501.187,66.85,3.759,541.441,126.556,0.022,4.416,2300.328,1845.186
China,1970,CHN,823308964.0,1144004370000.0,807.964,0.981,32.956,10870.541,665.877,94.645,5.503,586.169,133.666,0.023,5.423,2868.545,2361.698
China,1971,CHN,844069870.0,1216237830000.0,909.21,1.077,12.531,11779.751,736.435,120.091,7.174,605.29,137.753,0.023,5.864,3317.408,2800.124
China,1972,CHN,863677810.0,1233564930000.0,968.636,1.122,6.536,12748.387,770.736,138.328,9.281,620.731,144.494,0.024,5.97,3495.327,3018.837
China,1973,CHN,882576945.0,1334375220000.0,1008.269,1.142,4.092,13756.655,783.755,158.82,11.468,627.29,151.361,0.025,5.904,3610.895,3186.893
China,1974,CHN,900307580.0,1367631650000.0,1028.063,1.142,1.963,14784.719,776.116,182.573,14.44,633.566,151.56,0.026,6.048,3650.71,3286.762
China,1975,CHN,916116796.0,1460733630000.0,1183.154,1.291,15.086,15967.873,906.656,204.192,16.972,660.494,160.639,0.027,6.964,4017.437,3680.441
China,1976,CHN,930372293.0,1413710515000.0,1226.339,1.318,3.65,17194.211,910.405,238.984,19.368,667.758,160.854,0.028,6.865,4164.813,3874.827
China,1977,CHN,943546374.0,1493489265000.0,1340.715,1.421,9.327,18534.926,998.627,257.484,23.237,684.624,177.361,0.029,7.303,4477.948,4225.152
China,1978,CHN,956161482.0,1667551760000.0,1492.517,1.561,11.322,20027.445,1117.366,281.992,26.286,702.113,195.573,0.03,7.845,4844.404,4632.033
China,1979,CHN,969288071.0,1801380295000.0,1525.417,1.574,2.204,21552.861,1147.533,278.427,27.777,708.919,206.479,0.031,7.819,4923.021,4771.826
China,1980,CHN,983163540.0,1893783550000.0,1494.298,1.52,-2.04,23047.16,1122.742,273.202,27.319,711.548,219.874,0.032,7.699,4910.204,4827.534
China,1981,CHN,997721072.0,1949955282000.0,1476.28,1.48,-1.206,24523.439,1125.111,256.374,24.388,708.87,213.259,0.033,7.819,4774.731,4763.85
China,1982,CHN,1013588177.0,2128597968000.0,1606.239,1.585,8.803,26129.678,1248.904,257.81,22.9,721.29,219.643,0.034,8.576,4910.15,4976.87
China,1983,CHN,1029064952.0,2278862376000.0,1693.747,1.646,5.448,27823.426,1321.858,263.771,23.439,739.478,232.733,0.036,8.961,5148.07,5297.698
China,1984,CHN,1043849645.0,2534000300000.0,1844.213,1.767,8.884,29667.639,1454.176,271.451,24.226,760.82,244.865,0.037,9.478,5446.325,5685.145
China,1985,CHN,1059807818.0,2752673760000.0,1997.193,1.884,8.295,31664.832,1584.377,284.593,24.82,770.234,237.445,0.038,9.914,5803.289,6150.371
China,1986,CHN,1077233607.0,2931538920000.0,2103.43,1.953,5.319,33768.262,1657.523,303.068,26.352,787.316,240.879,0.039,10.292,5982.088,6444.106
China,1987,CHN,1096217445.0,3177306585000.0,2256.629,2.059,7.283,36024.895,1770.25,321.524,26.601,805.224,268.171,0.04,10.692,6340.201,6950.239
China,1988,CHN,1115244168.0,3354463350000.0,2424.444,2.174,7.437,38449.336,1892.551,343.13,27.311,822.785,280.194,0.042,11.061,6695.495,7467.112
China,1989,CHN,1133991006.0,3380560300000.0,2462.15,2.171,1.555,40911.488,1920.112,354.441,28.821,850.842,288.039,0.043,11.091,6910.493,7836.437
China,1990,CHN,1153582725.0,3385121670000.0,2483.534,2.153,0.869,43395.02,1976.808,330.292,29.301,867.343,298.926,0.044,10.925,6881.387,7938.25
China,1991,CHN,1170788533.0,3508948004345.0,2619.143,2.237,5.46,46014.164,2049.723,356.027,30.778,870.125,305.411,0.046,11.287,7121.363,8337.61
China,1992,CHN,1184574236.0,3755037703201.0,2731.29,2.306,4.282,48745.457,2114.612,385.794,30.239,873.359,311.31,0.047,12.128,7406.634,8773.708
China,1993,CHN,1197308574.0,4126169229667.0,2914.284,2.434,6.7,51659.738,2228.683,428.549,35.728,876.821,307.525,0.049,12.81,7899.078,9457.634
China,1994,CHN,1209003099.0,4438753488140.0,3093.891,2.559,6.163,54753.629,2380.736,423.712,41.568,900.154,319.726,0.05,13.467,8311.651,10048.812
China,1995,CHN,1220133929.0,4809999898743.0,3351.197,2.747,8.317,58104.828,2569.699,468.23,42.436,949.913,365.036,0.052,14.25,8484.854,10352.658
China,1996,CHN,1230944809.0,5127589598793.0,3499.311,2.843,4.42,61604.133,2660.288,510.622,44.47,970.8,384.1,0.054,14.44,8861.039,10907.45
China,1997,CHN,1241139623.0,5291338914515.0,3512.35,2.83,0.373,65116.488,2609.78,557.961,44.158,928.915,359.304,0.056,14.406,8847.622,10981.134
China,1998,CHN,1250847122.0,5338703042331.0,3355.336,2.682,-4.47,68471.82,2444.896,559.262,50.501,934.065,368.418,0.057,13.81,8794.493,11000.566
China,1999,CHN,1260176650.0,5578503091801.0,3549.949,2.817,5.8,72021.773,2580.985,596.751,54.572,937.708,380.822,0.059,14.293,9035.296,11386.068
China,2000,CHN,1269581174.0,5952682232028.0,3643.81,2.87,2.644,75665.578,2601.591,648.685,59.796,950.032,372.301,0.061,14.283,9294.628,11800.284
China,2001,CHN,1278725061.0,6329737256820.0,3724.114,2.912,2.204,79389.695,2637.885,659.301,67.158,957.323,371.259,0.063,14.495,9751.95,12470.063
China,2002,CHN,1286866835.0,6814493895929.0,4098.181,3.185,10.044,83487.875,3018.604,653.087,53.993,961.78,388.482,0.065,15.603,10553.145,13580.491
China,2003,CHN,1294517323.0,7248623080792.0,4835.251,3.735,17.985,88323.133,3601.892,727.099,60.745,1007.435,398.818,0.067,17.486,12219.811,15818.756
China,2004,CHN,1302100316.0,7830953177799.0,5210.961,4.002,7.77,93534.086,3835.193,839.096,71.521,1069.441,418.315,0.069,18.214,14214.832,18509.137
China,2005,CHN,1310027135.0,8602939667333.0,5881.991,4.49,12.877,99416.078,4424.24,850.176,84.957,1119.984,435.414,0.072,19.872,16050.938,21027.164
China,2006,CHN,1318054030.0,9489543138489.0,6486.185,4.921,10.272,105902.258,4905.253,898.537,103.753,1162.008,447.929,0.075,21.201,17486.639,23048.334
China,2007,CHN,1325813576.0,10358206113742.0,6974.663,5.261,7.531,112876.93,5289.79,927.355,129.515,1176.147,458.677,0.078,22.142,18893.74,25049.576
China,2008,CHN,1333821011.0,10799148337884.0,7492.404,5.617,7.423,120369.328,5729.368,970.121,149.674,1183.054,462.386,0.082,23.377,19508.211,26020.463
China,2009,CHN,1342522717.0,11572544299171.0,7881.491,5.871,5.193,128250.82,6028.871,982.355,164.404,1197.731,441.753,0.085,25.01,20229.75,27158.898
China,2010,CHN,1351561505.0,12858808500983.0,8610.048,6.37,9.244,136860.875,6569.148,1092.572,199.585,1241.241,447.392,0.089,25.842,21497.809,29055.609
China,2011,CHN,1360250658.0,13691526496125.0,9520.153,6.999,10.57,146381.031,7309.64,1123.862,245.99,1323.284,453.959,0.094,27.611,23037.326,31336.537
China,2012,CHN,1369520866.0,14773157494771.0,9767.311,7.132,2.596,156148.328,7464.979,1176.716,277.599,1319.353,460.654,0.098,27.943,23821.602,32624.18
China,2013,CHN,1379008040.0,15925464549520.0,9942.371,7.21,1.792,166090.703,7493.418,1234.622,320.127,1330.891,461.947,0.102,28.185,24548.49,33852.566
China,2014,CHN,1387951970.0,17103948867278.0,9976.027,7.188,0.339,176066.734,7425.231,1255.609,370.222,1340.685,464.422,0.107,28.129,25021.807,34729.066
China,2015,CHN,1396134171.0,18301224436466.0,9858.04,7.061,-1.183,185924.781,7266.352,1328.812,380.052,1341.393,466.877,0.111,27.845,25166.627,35135.988
China,2016,CHN,1404052628.0,19545709173693.0,9748.175,6.943,-1.114,195672.953,7071.886,1357.842,421.726,1299.595,466.111,0.116,27.543,25125.633,35277.711
China,2017,CHN,1412354730.0,20894362082435.0,10000.014,7.08,2.583,205672.953,7163.662,1430.594,486.359,1319.021,463.766,0.12,27.797,25949.135,36649.383
China,2018,CHN,1419008954.0,22294284747546.0,10346.79,7.292,3.468,216019.75,7316.7,1500.478,575.369,1354.933,461.258,0.125,28.167,27068.061,38409.82
China,2019,CHN,1423520357.0,23631941251482.0,10713.515,7.526,3.544,226733.266,7522.577,1559.739,630.171,1373.722,453.971,0.129,28.888,28231.928,40188.723
China,2020,CHN,1426106093.0,24151843898871.0,10896.521,7.641,1.708,237629.781,7679.382,1523.058,676.473,1398.962,455.387,0.134,30.993,29095.936,41493.891
China,2021,CHN,1426437269.0,26180600167672.0,11284.401,7.911,3.56,248914.188,8004.203,1521.109,765.332,1450.486,465.801,0.139,30.609,30738.947,43847.18
China,2022,CHN,1425179562.0,26966016991166.0,11711.808,8.218,3.788,260625.984,8468.947,1559.721,773.225,1513.475,464.382,0.144,31.208,31235.707,44516.492
China,2023,CHN,1422584930.0,,12172.009,8.556,3.929,272798.0,8740.891,1729.58,828.897,1541.531,471.637,0.15,31.953,33089.07,47072.012
China,2024,CHN,1419321284.0,,12289.037,8.658,0.961,285087.031,8886.021,1705.386,889.406,1590.674,475.534,0.155,31.838,34514.457,48987.102
Germany,1950,DEU,69847778.0,422965091953.0,510.499,7.309,18.13,29190.512,496.717,7.566,0.044,113.606,35.668,0.014,8.608,,
Germany,1951,DEU,69782050.0,461743918375.0,576.631,8.263,12.954,29767.143,558.54,11.076,0.055,121.909,36.408,0.014,9.036,,
Germany,1952,DEU,69826948.0,501792181828.0,610.757,8.747,5.918,30377.902,590.139,13.055,0.099,127.273,37.449,0.014,9.443,,
Germany,1953,DEU,69935116.0,543743732343.0,623.25,8.912,2.046,31001.152,596.946,17.126,0.227,130.535,38.746,0.015,9.371,,
Germany,1954,DEU,70104621.0,584376932156.0,659.494,9.407,5.815,31660.645,625.236,24.413,0.363,135.701,40.254,0.015,9.713,,
Germany,1955,DEU,70334149.0,648607430625.0,723.231,10.283,9.665,32383.875,682.028,29.88,0.729,143.603,41.929,0.015,9.715,,
Germany,1956,DEU,70613897.0,695152368843.0,765.942,10.847,5.906,33149.816,714.879,38.897,1.059,149.397,43.726,0.015,9.663,,
Germany,1957,DEU,71088145.0,734905339593.0,777.666,10.939,1.531,33927.484,719.929,45.503,1.052,152.583,45.601,0.016,9.5,,
Germany,1958,DEU,71694674.0,767711393867.0,756.119,10.546,-2.771,34683.602,688.469,55.125,1.037,152.357,47.508,0.016,8.983,,
Germany,1959,DEU,72241718.0,823838461875.0,755.483,10.458,-0.084,35439.086,670.343,70.426,1.187,153.479,49.404,0.016,8.532,,
Germany,1960,DEU,72811635.0,890210010796.0,813.602,11.174,7.693,36252.688,706.866,90.592,1.348,160.162,51.243,0.017,8.667,,
Germany,1961,DEU,73376114.0,926835906445.0,834.506,11.373,2.569,37087.195,711.308,105.694,1.48,162.671,53.83,0.017,8.864,,
Germany,1962,DEU,73997000.0,966424869859.0,882.843,11.931,5.792,37970.035,731.687,132.369,1.968,168.095,56.996,0.018,9.057,,
Germany,1963,DEU,74698003.0,993706226179.0,945.242,12.654,7.068,38915.277,761.43,164.114,2.561,173.301,58.834,0.018,9.207,,
Germany,1964,DEU,75313480.0,1054006883218.0,968.632,12.861,2.475,39883.91,755.33,190.004,3.825,174.852,61.347,0.018,8.949,,
Germany,1965,DEU,75966968.0,1107504064578.0,959.842,12.635,-0.907,40843.75,716.655,217.771,5.536,173.787,64.285,0.019,8.486,39086.637,2969.293
Germany,1966,DEU,76611025.0,1140349155937.0,951.155,12.415,-0.905,41794.906,679.836,244.283,6.679,173.608,66.757,0.019,8.018,38858.652,2977.001
Germany,1967,DEU,76970794.0,1143923059359.0,936.013,12.161,-1.592,42730.918,653.653,254.374,8.775,173.695,69.262,0.02,7.649,38578.676,2969.431
Germany,1968,DEU,77321280.0,1204136496632.0,984.582,12.734,5.189,43715.504,659.416,290.439,14.466,177.02,71.752,0.02,7.629,41003.105,3170.413
Germany,1969,DEU,77944022.0,1283751483890.0,1051.803,13.494,6.827,44767.305,685.984,324.196,20.621,182.395,74.017,0.021,7.643,43874.797,3419.778
Germany,1970,DEU,78205103.0,1343859725507.0,1025.802,13.117,-2.472,45793.109,603.014,370.134,29.766,175.891,72.948,0.021,6.885,46173.668,3611.017
Germany,1971,DEU,78345876.0,1383509131023.0,1037.079,13.237,1.099,46830.188,587.975,384.682,40.183,174.436,73.163,0.022,6.689,46506.047,3643.557
Germany,1972,DEU,78719924.0,1440601389742.0,1041.356,13.229,0.412,47871.543,553.453,410.007,52.651,169.923,73.726,0.022,6.418,47894.137,3770.223
Germany,1973,DEU,78966975.0,1505896472437.0,1085.603,13.748,4.249,48957.145,561.788,431.742,67.751,168.614,76.283,0.022,6.357,50493.945,3987.354
Germany,1974,DEU,78996691.0,1518360951937.0,1062.511,13.45,-2.127,50019.656,565.63,390.429,84.495,168.971,76.386,0.023,6.251,49597.359,3918.027
Germany,1975,DEU,78701861.0,1510149923703.0,1002.286,12.735,-5.668,51021.941,515.818,376.809,88.812,167.606,74.797,0.023,5.9,47833.277,3764.568
Germany,1976,DEU,78364503.0,1583048234281.0,1090.808,13.92,8.832,52112.75,555.941,419.361,93.634,166.915,75.456,0.024,6.107,51259.234,4016.905
Germany,1977,DEU,78185560.0,1628636036117.0,1052.513,13.462,-3.511,53165.266,516.552,416.829,98.049,164.67,73.967,0.024,5.733,51252.312,4007.191
Germany,1978,DEU,78115357.0,1674283009992.0,1079.067,13.814,2.523,54244.332,523.675,428.176,105.271,165.537,75.94,0.025,5.672,53154.422,4152.177
Germany,1979,DEU,78147898.0,1741603152539.0,1117.745,14.303,3.584,55362.078,549.03,431.588,114.72,168.705,77.233,0.025,5.73,56084.793,4382.909
Germany,1980,DEU,78315373.0,1761467996906.0,1099.901,14.045,-1.596,56461.977,551.011,412.456,115.453,169.845,75.902,0.026,5.667,54130.273,4239.232
Germany,1981,DEU,78448044.0,1768196429703.0,1048.362,13.364,-4.686,57510.34,557.588,361.3,110.001,169.632,74.65,0.026,5.553,52356.098,4107.233
Germany,1982,DEU,78393670.0,1753143244687.0,1015.5,12.954,-3.135,58525.84,550.582,344.461,102.016,167.513,72.151,0.027,5.422,50546.055,3962.491
Germany,1983,DEU,78224137.0,1784298628750.0,1011.436,12.93,-0.4,59537.273,553.568,333.398,106.022,161.958,73.912,0.027,5.351,51371.758,4018.511
Germany,1984,DEU,77998197.0,1834585161062.0,1033.017,13.244,2.134,60570.293,572.104,334.89,108.531,159.948,76.091,0.028,5.309,53424.191,4166.991
Germany,1985,DEU,77863423.0,1874769842531.0,1043.913,13.407,1.055,61614.203,579.174,340.22,108.531,162.274,72.847,0.028,5.182,55100.695,4290.329
Germany,1986,DEU,77923806.0,1916181384234.0,1047.234,13.439,0.318,62661.438,573.524,356.828,100.551,160.059,71.113,0.029,5.124,54600.461,4254.676
Germany,1987,DEU,78062321.0,1945055815890.0,1032.267,13.224,-1.429,63693.703,560.048,345.535,109.547,155.169,72.114,0.029,4.891,54971.184,4291.178
Germany,1988,DEU,78385992.0,2009989460679.0,1028.702,13.124,-0.345,64722.406,552.539,351.26,107.637,152.051,72.588,0.029,4.693,54930.293,4305.766
Germany,1989,DEU,79007062.0,2075675216851.0,1008.565,12.766,-1.957,65730.977,546.553,322.794,121.908,150.728,74.861,0.03,4.543,53921.629,4260.189
Germany,1990,DEU,79707963.0,2015547498359.0,1054.796,13.233,4.584,66785.766,569.117,333.324,122.281,147.875,71.228,0.03,4.64,52600.035,4192.642
Germany,1991,DEU,80303190.0,2141316417831.0,1016.93,12.664,-3.59,67802.695,504.043,355.311,130.146,141.408,72.755,0.031,4.382,50939.98,4090.643
Germany,1992,DEU,80934901.0,2204952392823.0,969.464,11.978,-4.667,68772.156,454.311,357.981,129.3,134.432,69.867,0.031,4.305,49537.809,4009.338
Germany,1993,DEU,81486771.0,2206290854718.0,959.386,11.774,-1.04,69731.547,430.776,364.629,136.252,129.106,66.722,0.032,4.217,48983.738,3991.527
Germany,1994,DEU,81773613.0,2283952742009.0,943.228,11.535,-1.684,70674.773,418.185,353.812,142.15,124.623,70.541,0.032,4.106,48355.109,3954.172
Germany,1995,DEU,82019890.0,2347761113534.0,939.934,11.46,-0.349,71614.711,406.046,351.7,152.97,123.309,67.194,0.033,3.997,48461.355,3974.795
Germany,1996,DEU,82263195.0,2391519573153.0,959.69,11.666,2.102,72574.406,400.613,361.057,169.956,120.015,69.28,0.033,3.96,49911.09,4105.846
Germany,1997,DEU,82389631.0,2461046373781.0,931.508,11.306,-2.937,73505.906,386.864,353.069,162.876,115.562,66.371,0.033,3.821,49195.352,4053.187
Germany,1998,DEU,82011933.0,2535903706522.0,923.499,11.261,-0.86,74429.406,377.48,351.914,165.377,109.806,51.343,0.034,3.801,49012.766,4019.632
Germany,1999,DEU,81678279.0,2613176576967.0,895.442,10.963,-3.038,75324.852,360.052,340.846,165.627,106.765,49.72,0.034,3.605,48526.492,3963.56
Germany,2000,DEU,81797255.0,2718560455818.0,898.976,10.99,0.395,76223.82,373.461,330.774,166.421,100.75,49.641,0.035,3.524,48756.883,3988.179
Germany,2001,DEU,81933882.0,2793373055251.0,915.255,11.171,1.811,77139.078,376.52,338.871,173.799,96.953,47.462,0.035,3.562,49586.312,4062.799
Germany,2002,DEU,82068328.0,2822441773260.0,898.834,10.952,-1.794,78037.906,375.786,324.413,173.61,93.47,46.377,0.035,3.422,48882.719,4011.723
Germany,2003,DEU,82111619.0,2831676106520.0,894.501,10.894,-0.482,78932.414,378.305,313.847,176.587,90.241,45.183,0.036,3.235,48841.699,4010.471
Germany,2004,DEU,82092706.0,2894624877966.0,876.57,10.678,-2.005,79808.984,374.908,301.208,174.327,87.161,44.703,0.036,3.064,48845.914,4009.893
Germany,2005,DEU,82046733.0,2945460930734.0,867.88,10.578,-0.991,80676.867,361.975,305.188,175.904,84.118,43.785,0.037,2.932,48297.293,3962.635
Germany,2006,DEU,81701971.0,3086359147617.0,886.434,10.85,2.138,81563.297,367.653,313.191,180.197,81.356,42.561,0.037,2.897,49722.023,4062.387
Germany,2007,DEU,81298546.0,3220275669650.0,846.153,10.408,-4.544,82409.453,376.715,268.924,173.851,81.571,42.884,0.037,2.686,47890.441,3893.423
Germany,2008,DEU,81110780.0,3289020399474.0,856.643,10.561,1.24,83266.094,353.581,296.43,180.995,79.662,41.268,0.038,2.673,48509.781,3934.666
Germany,2009,DEU,80935276.0,3136502162046.0,789.984,9.761,-7.781,84056.078,316.28,282.438,168.399,77.142,40.643,0.038,2.507,45618.898,3692.178
Germany,2010,DEU,80830916.0,3301123203586.0,826.705,10.228,4.648,84882.781,341.311,277.154,184.875,76.001,40.97,0.039,2.481,47595.047,3847.151
Germany,2011,DEU,80857877.0,3467712967640.0,804.542,9.95,-2.681,85687.32,339.624,270.809,169.399,74.456,39.874,0.039,2.333,45890.207,3710.585
Germany,2012,DEU,80916391.0,3482225441398.0,814.093,10.061,1.187,86501.414,350.039,271.945,167.84,73.017,40.136,0.039,2.329,46491.398,3761.916
Germany,2013,DEU,81041581.0,3497463140441.0,831.746,10.263,2.168,87333.164,357.254,280.396,170.269,71.534,40.875,0.04,2.358,47734.965,3868.517
Germany,2014,DEU,81376078.0,3574741315261.0,792.584,9.74,-4.708,88125.742,344.722,271.603,151.989,70.317,41.641,0.04,2.235,45596.504,3710.465
Germany,2015,DEU,82077546.0,3628073946157.0,800.823,9.757,1.04,88926.57,341.117,278.861,157.112,69.267,40.717,0.04,2.262,46064.484,3780.86
Germany,2016,DEU,82760102.0,3708979940863.0,797.988,9.642,-0.354,89724.562,329.436,275.704,169.169,67.725,39.922,0.041,2.255,46416.703,3841.451
Germany,2017,DEU,83104010.0,3808389445530.0,784.595,9.441,-1.678,90509.156,312.692,275.506,172.045,67.433,38.646,0.041,2.181,47525.457,3949.556
Germany,2018,DEU,83368507.0,3845758522294.0,758.771,9.101,-3.291,91267.922,296.871,268.094,169.76,65.036,37.497,0.041,2.066,46125.492,3845.414
Germany,2019,DEU,83559184.0,3886392581475.0,708.649,8.481,-6.606,91976.57,240.114,271.933,172.762,63.043,37.338,0.042,1.911,44922.695,3753.704
Germany,2020,DEU,83628711.0,3742721113842.0,647.177,7.739,-8.675,92623.75,198.53,254.465,170.963,61.045,36.143,0.042,1.841,41838.684,3498.915
Germany,2021,DEU,83697080.0,3841041747482.0,677.998,8.101,4.762,93301.742,232.139,240.525,181.31,60.245,35.44,0.042,1.839,42994.242,3598.492
Germany,2022,DEU,84086227.0,3909612753939.0,667.843,7.942,-1.498,93969.586,239.428,247.017,158.685,58.913,34.338,0.043,1.78,41094.125,3455.45
Germany,2023,DEU,84548233.0,,593.766,7.023,-11.092,94563.352,186.157,237.487,150.342,57.44,33.064,0.043,1.559,37598.492,3178.886
Germany,2024,DEU,84552234.0,,572.319,6.769,-3.612,95135.68,162.639,232.958,157.679,56.136,32.159,0.043,1.483,37792.512,3195.441
India,1950,IND,346278818.0,354333000000.0,60.943,0.176,8.464,1998.544,52.4,7.189,,355.916,56.496,0.007,1.028,,
India,1951,IND,353870058.0,362445000000.0,63.806,0.18,4.698,2062.35,54.296,7.852,,363.078,56.964,0.007,1.0,,
India,1952,IND,361874906.0,373116000000.0,67.249,0.186,5.397,2129.599,57.853,7.562,,370.932,57.486,0.007,1.04,,
India,1953,IND,370104570.0,396813000000.0,68.608,0.185,2.02,2198.207,58.97,7.68,,378.66,58.053,0.007,1.032,,
India,1954,IND,378687141.0,413406000000.0,72.307,0.191,5.391,2270.513,60.485,9.541,,386.887,58.653,0.008,1.065,,
India,1955,IND,387700892.0,423654000000.0,78.694,0.203,8.834,2349.207,63.618,12.751,,395.799,59.275,0.008,1.057,,
India,1956,IND,396988905.0,447917000000.0,81.619,0.206,3.717,2430.826,65.119,13.945,,404.641,59.908,0.008,1.03,,
India,1957,IND,406253895.0,443356000000.0,91.618,0.226,12.251,2522.444,72.821,15.894,,415.037,60.541,0.008,1.119,,
India,1958,IND,415777436.0,476938000000.0,95.801,0.23,4.566,2618.245,75.804,16.843,,424.847,61.164,0.009,1.138,,
India,1959,IND,425780669.0,486918000000.0,101.436,0.238,5.882,2719.681,79.513,18.386,,435.099,61.764,0.009,1.146,,
India,1960,IND,435990342.0,520800000000.0,111.32,0.255,9.744,2831.001,87.873,19.445,,446.585,62.331,0.009,1.186,,
India,1961,IND,446564731.0,536352000000.0,120.399,0.27,8.156,2951.4,94.88,21.31,0.004,450.434,66.259,0.009,1.279,,
India,1962,IND,457283091.0,548432000000.0,132.58,0.29,10.117,3083.98,103.258,24.886,0.011,453.018,66.704,0.009,1.36,,
India,1963,IND,468138576.0,576288000000.0,142.439,0.304,7.436,3226.419,110.415,27.106,0.011,454.7,67.299,0.01,1.387,,
India,1964,IND,479229599.0,620466000000.0,139.483,0.291,-2.075,3365.902,105.92,28.121,0.022,458.401,69.102,0.01,1.289,,
India,1965,IND,490140142.0,596065000000.0,153.697,0.314,10.19,3519.599,116.452,30.814,0.282,458.503,68.946,0.01,1.359,1263.825,619.451
India,1966,IND,500740250.0,601425000000.0,159.371,0.318,3.692,3678.97,116.982,35.676,0.311,465.344,71.735,0.01,1.343,1274.94,638.414
India,1967,IND,511606377.0,650716000000.0,159.557,0.312,0.117,3838.528,119.096,32.698,0.487,469.073,74.474,0.01,1.304,1286.992,658.434
India,1968,IND,522716893.0,668220000000.0,174.071,0.333,9.096,4012.598,123.826,42.25,0.751,475.924,76.965,0.011,1.349,1346.781,703.985
India,1969,IND,533880545.0,712563000000.0,177.411,0.332,1.919,4190.009,123.367,45.349,0.997,480.861,78.891,0.011,1.289,1461.818,780.436
India,1970,IND,545864271.0,748744000000.0,181.724,0.333,2.431,4371.733,123.551,49.333,0.923,485.106,80.102,0.011,1.22,1399.141,763.741
India,1971,IND,558096385.0,755656000000.0,191.965,0.344,5.635,4563.698,126.968,55.443,1.085,489.603,82.297,0.011,1.238,1423.385,794.386
India,1972,IND,570482138.0,753543000000.0,203.037,0.356,5.768,4766.735,134.378,58.878,1.205,492.404,84.267,0.011,1.251,1465.179,835.859
India,1973,IND,583465599.0,788800000000.0,209.096,0.358,2.984,4975.831,137.81,61.749,1.169,498.005,86.227,0.011,1.224,1462.509,853.324
India,1974,IND,597041391.0,796992000000.0,215.854,0.362,3.232,5191.685,145.64,60.628,1.359,503.741,86.104,0.012,1.27,1514.112,903.988
India,1975,IND,611309536.0,868010000000.0,234.21,0.383,8.504,5425.895,161.339,61.838,1.733,515.051,94.435,0.012,1.379,1590.048,972.011
India,1976,IND,625861887.0,878540000000.0,244.75,0.391,4.5,5670.645,168.921,63.438,2.294,517.864,93.849,0.012,1.37,1628.88,1019.454
India,1977,IND,640801106.0,947196000000.0,258.962,0.404,5.807,5929.606,177.511,68.556,2.48,527.295,98.022,0.012,1.411,1682.769,1078.32
India,1978,IND,655728226.0,997920000000.0,263.15,0.401,1.617,6192.757,174.689,75.317,2.741,533.68,102.438,0.012,1.383,1709.508,1120.973
India,1979,IND,671155746.0,947528000000.0,276.285,0.412,4.991,6469.042,180.623,82.664,3.03,538.597,104.458,0.013,1.416,1762.57,1182.959
India,1980,IND,687354029.0,1015105000000.0,291.714,0.424,5.585,6760.756,197.34,83.176,2.488,549.422,106.621,0.013,1.503,1772.884,1218.599
India,1981,IND,703696251.0,1077444000000.0,314.969,0.448,7.972,7075.725,210.308,89.713,2.884,563.146,111.978,0.013,1.668,1917.425,1349.285
India,1982,IND,720313473.0,1111560000000.0,325.383,0.452,3.306,7401.108,213.126,94.407,4.36,567.532,112.848,0.013,1.737,1854.816,1336.049
India,1983,IND,737372683.0,1202349000000.0,352.205,0.478,8.243,7753.313,232.525,99.17,5.243,587.0,120.202,0.014,1.863,1905.482,1405.05
India,1984,IND,754875449.0,1248910000000.0,361.569,0.479,2.659,8114.882,231.501,106.106,6.17,596.245,125.762,0.014,1.858,1988.3,1500.919
India,1985,IND,772647800.0,1298600000000.0,397.601,0.515,9.966,8512.483,253.298,116.76,7.2,603.272,128.445,0.014,1.974,2050.433,1584.263
India,1986,IND,790689977.0,1353105000000.0,426.318,0.539,7.223,8938.801,273.18,121.857,10.31,622.089,134.928,0.014,2.086,2144.444,1695.591
India,1987,IND,808931268.0,1412884000000.0,455.355,0.563,6.811,9394.155,291.868,127.671,12.776,625.961,131.214,0.015,2.157,2228.686,1802.854
India,1988,IND,827342994.0,1560090000000.0,491.7,0.594,7.982,9885.855,317.181,133.614,15.205,651.716,142.239,0.015,2.243,2371.811,1962.302
India,1989,IND,846039528.0,1663728000000.0,540.662,0.639,9.958,10426.518,339.636,150.714,18.518,666.683,144.925,0.015,2.435,2533.468,2143.414
India,1990,IND,864972221.0,1750993000000.0,577.987,0.668,6.904,11004.504,366.504,158.167,21.097,636.163,147.914,0.016,2.543,2659.855,2300.701
India,1991,IND,883927605.0,1768493598375.0,615.388,0.696,6.471,11619.894,393.066,166.423,23.563,643.841,152.574,0.016,2.652,2746.45,2427.663
India,1992,IND,902957075.0,1851711465033.0,655.424,0.726,6.506,12275.316,411.39,188.056,27.257,649.039,156.969,0.016,2.91,2827.125,2552.772
India,1993,IND,922118380.0,1944353884791.0,677.262,0.734,3.332,12952.578,433.085,186.878,26.996,647.945,160.823,0.017,2.977,2837.215,2616.248
India,1994,IND,941163772.0,2055026658036.0,714.043,0.759,5.431,13666.621,455.699,198.955,28.997,653.566,166.668,0.017,3.108,2929.481,2757.121
India,1995,IND,960301046.0,2189535837458.0,760.48,0.792,6.503,14427.102,471.741,216.281,39.051,661.917,170.235,0.017,3.234,3085.614,2963.118
India,1996,IND,979678460.0,2345228680352.0,823.602,0.841,8.3,15250.703,504.479,243.161,39.747,668.736,175.108,0.018,3.399,3145.554,3081.631
India,1997,IND,999133764.0,2426804815330.0,857.976,0.859,4.174,16108.679,527.685,244.203,46.024,676.001,179.75,0.018,3.519,3254.829,3252.01
India,1998,IND,1018665080.0,2567853125008.0,875.783,0.86,2.076,16984.463,524.136,262.892,47.595,679.577,183.609,0.019,3.605,3386.291,3449.497
India,1999,IND,1038225822.0,2710353015518.0,961.194,0.926,9.752,17945.658,560.465,301.469,52.619,684.029,187.064,0.019,3.87,3415.791,3546.363
India,2000,IND,1057922731.0,2804478499774.0,987.065,0.933,2.692,18932.721,572.903,313.441,52.791,685.316,183.787,0.02,3.869,3521.43,3725.401
India,2001,IND,1077898579.0,2940745466088.0,1001.198,0.929,1.432,19933.92,582.111,317.363,53.128,689.962,186.588,0.02,3.897,3470.525,3740.874
India,2002,IND,1097600380.0,3024984520809.0,1032.75,0.941,3.151,20966.67,598.539,325.889,57.609,683.408,180.288,0.021,3.932,3526.61,3870.809
India,2003,IND,1116803000.0,3251114494190.0,1068.398,0.957,3.452,22035.068,625.833,331.333,58.565,695.315,186.553,0.021,3.864,3589.451,4008.71
India,2004,IND,1135991509.0,3495022816540.0,1134.611,0.999,6.197,23169.68,669.993,348.992,58.316,705.392,193.083,0.022,3.966,3831.588,4352.651
India,2005,IND,1154676321.0,3752627653422.0,1195.393,1.035,5.357,24365.072,721.496,353.15,59.357,721.894,201.701,0.022,4.039,3991.09,4608.417
India,2006,IND,1172878888.0,4069856052453.0,1293.321,1.103,8.192,25658.395,773.551,370.544,82.58,733.283,211.708,0.023,4.227,4139.273,4854.867
India,2007,IND,1190676028.0,4403215224414.0,1393.485,1.17,7.745,27051.879,842.536,392.818,87.956,749.827,222.493,0.024,4.424,4425.184,5268.96
India,2008,IND,1207930960.0,4649548164533.0,1490.366,1.234,6.952,28542.244,910.753,414.204,90.277,764.115,227.304,0.024,4.65,4616.596,5576.529
India,2009,IND,1225524764.0,4993478894185.0,1613.328,1.316,8.25,30155.572,983.947,433.771,112.463,762.322,233.941,0.025,5.12,4886.388,5988.39
India,2010,IND,1243481565.0,5361371354007.0,1678.53,1.35,4.041,31834.104,1015.983,440.692,134.121,769.342,242.128,0.026,5.038,5024.514,6247.89
India,2011,IND,1261224956.0,5720692888000.0,1765.695,1.4,5.193,33599.797,1074.385,461.37,135.977,781.037,251.811,0.027,5.121,5222.708,6587.01
India,2012,IND,1278674501.0,6052427493607.0,1926.986,1.507,9.135,35526.781,1206.452,491.148,125.558,783.911,254.287,0.028,5.513,5425.75,6937.768
India,2013,IND,1295829507.0,6424470752490.0,1995.337,1.54,3.547,37522.121,1276.383,498.314,109.554,758.221,255.623,0.029,5.656,5527.781,7163.062
India,2014,IND,1312277184.0,6875186158349.0,2148.052,1.637,7.654,39670.172,1407.057,513.84,107.801,765.858,259.789,0.03,6.057,5831.643,7652.732
India,2015,IND,1328024494.0,7391521519812.0,2231.817,1.681,3.9,41901.988,1449.587,557.523,103.062,773.451,263.334,0.031,6.304,5943.03,7892.49
India,2016,IND,1343944296.0,8057465593010.0,2352.54,1.75,5.409,44254.531,1499.401,616.112,109.989,781.626,262.254,0.032,6.647,6148.213,8262.856
India,2017,IND,1359657398.0,8550029645172.0,2425.722,1.784,3.111,46680.254,1551.256,634.116,116.479,786.601,267.236,0.033,6.743,6304.287,8571.671
India,2018,IND,1374659067.0,9173201683791.0,2595.227,1.888,6.988,49275.477,1668.318,658.715,126.74,800.125,275.219,0.034,7.065,6593.169,9063.36
India,2019,IND,1389030307.0,9595463242427.0,2611.175,1.88,0.615,51886.652,1661.94,677.884,125.233,800.179,282.638,0.035,7.041,6682.068,9281.595
India,2020,IND,1402617694.0,8945313249462.0,2422.732,1.727,-7.217,54309.387,1561.799,607.535,127.684,807.835,289.398,0.036,6.891,6268.437,8792.22
India,2021,IND,1414203896.0,9801621018003.0,2675.778,1.892,10.445,56985.164,1767.297,623.485,133.192,821.053,290.389,0.037,7.258,6749.358,9544.969
India,2022,IND,1425423209.0,10476248645535.0,2831.132,1.986,5.806,59816.297,1855.854,684.014,124.009,835.674,298.332,0.039,7.544,7057.187,10059.478
India,2023,IND,1438069597.0,,3062.756,2.13,8.181,62879.051,2032.048,718.183,132.42,847.637,305.944,0.04,8.04,7529.44,10827.859
India,2024,IND,1450935785.0,,3193.478,2.201,4.268,66072.531,2108.033,747.333,149.352,859.294,310.004,0.041,8.274,7812.928,11336.057
United Kingdom,1950,GBR,50121020.0,554454747000.0,499.228,9.96,-1.64,39810.086,452.361,41.968,0.0,142.543,23.204,0.017,8.418,,
United Kingdom,1951,GBR,50346821.0,570992660000.0,543.791,10.801,8.926,40353.875,484.593,54.048,0.015,149.508,23.384,0.017,8.521,,
United Kingdom,1952,GBR,50496231.0,570010290000.0,527.413,10.445,-3.012,40881.285,468.454,53.347,0.018,148.316,23.598,0.018,8.155,,
United Kingdom,1953,GBR,50727035.0,592393437000.0,539.101,10.627,2.216,41420.387,477.309,56.136,0.022,151.236,23.843,0.018,8.106,,
United Kingdom,1954,GBR,50958246.0,616540925000.0,552.031,10.833,2.399,41972.422,482.981,63.01,0.033,154.045,24.114,0.018,8.13,,
United Kingdom,1955,GBR,51176749.0,638913786000.0,576.12,11.257,4.364,42548.539,499.101,70.706,0.026,158.273,24.409,0.018,7.739,,
United Kingdom,1956,GBR,51400458.0,646914576000.0,573.745,11.162,-0.412,43122.281,494.307,72.99,0.037,159.138,24.723,0.019,7.239,,
United Kingdom,1957,GBR,51655911.0,657223970000.0,570.249,11.039,-0.609,43692.531,482.116,82.063,0.062,158.48,25.053,0.019,6.966,,
United Kingdom,1958,GBR,51935640.0,655877096000.0,555.993,10.705,-2.5,44248.527,458.546,91.472,0.117,156.268,25.395,0.019,6.605,,
United Kingdom,1959,GBR,52226466.0,682390104000.0,546.364,10.461,-1.732,44794.891,425.316,114.593,0.136,152.277,25.745,0.019,6.17,,
United Kingdom,1960,GBR,52538548.0,721686160000.0,583.903,11.114,6.871,45378.793,447.935,129.145,0.15,157.867,26.1,0.02,6.22,,
United Kingdom,1961,GBR,52884952.0,745529226000.0,588.578,11.129,0.801,45967.371,442.847,138.476,0.15,161.037,27.508,0.02,6.252,,
United Kingdom,1962,GBR,53272836.0,753069252000.0,592.92,11.13,0.738,46560.293,437.301,148.36,0.216,160.243,27.812,0.02,6.083,,
United Kingdom,1963,GBR,53652939.0,782013375000.0,603.382,11.246,1.764,47163.676,439.303,156.841,0.289,161.679,28.18,0.021,5.877,,
United Kingdom,1964,GBR,54009130.0,823416741000.0,607.866,11.255,0.743,47771.543,426.243,172.726,0.513,160.5,28.582,0.021,5.616,,
United Kingdom,1965,GBR,54359022.0,844870750000.0,622.115,11.445,2.344,48393.652,422.272,189.773,1.685,162.003,29.641,0.021,5.5,42609.754,2316.225
United Kingdom,1966,GBR,54676346.0,861009751000.0,618.078,11.304,-0.649,49011.73,403.348,204.792,1.649,160.077,30.308,0.021,5.21,42568.684,2327.5
United Kingdom,1967,GBR,54973661.0,880333262000.0,592.064,10.77,-4.209,49603.797,368.486,212.115,2.777,155.547,31.394,0.022,4.838,42351.449,2328.214
United Kingdom,1968,GBR,55240654.0,916165902000.0,606.496,10.979,2.437,50210.293,370.308,220.842,6.265,156.822,31.064,0.022,4.7,43653.074,2411.424
United Kingdom,1969,GBR,55456208.0,932854020000.0,628.39,11.331,3.61,50838.684,367.951,238.096,12.252,158.105,30.315,0.022,4.566,45057.719,2498.73
United Kingdom,1970,GBR,55663801.0,954756384000.0,652.585,11.724,3.85,51491.266,352.916,265.175,23.105,156.668,30.21,0.023,4.38,45829.477,2551.043
United Kingdom,1971,GBR,55890372.0,975018080000.0,660.396,11.816,1.197,52151.664,341.426,269.542,37.226,156.452,31.212,0.023,4.26,44799.301,2503.85
United Kingdom,1972,GBR,56079239.0,1009534158000.0,648.034,11.556,-1.872,52799.695,293.162,289.348,52.659,145.83,31.065,0.023,3.994,45305.508,2540.698
United Kingdom,1973,GBR,56188787.0,1077433280000.0,659.584,11.739,1.782,53459.281,295.868,291.911,56.994,152.873,33.069,0.024,3.862,47466.469,2667.083
United Kingdom,1974,GBR,56224550.0,1062802272000.0,617.187,10.977,-6.428,54076.469,263.379,271.425,68.161,145.171,37.404,0.024,3.631,45054.68,2533.179
United Kingdom,1975,GBR,56220139.0,1061564060000.0,603.254,10.73,-2.257,54679.723,276.207,241.395,71.382,150.221,41.564,0.024,3.551,42480.316,2388.249
United Kingdom,1976,GBR,56201143.0,1085394066000.0,598.533,10.65,-0.783,55278.258,274.976,235.797,74.038,146.584,45.098,0.024,3.351,43368.484,2437.358
United Kingdom,1977,GBR,56175829.0,1108973460000.0,604.369,10.759,0.975,55882.625,271.096,240.241,79.01,142.844,44.537,0.025,3.292,44199.586,2482.948
United Kingdom,1978,GBR,56175553.0,1148502816000.0,604.728,10.765,0.059,56487.355,259.158,247.569,81.524,142.129,44.607,0.025,3.179,44453.375,2497.193
United Kingdom,1979,GBR,56218759.0,1180113264000.0,644.509,11.464,6.578,57131.863,281.571,253.263,89.193,144.168,45.651,0.025,3.304,46497.625,2614.039
United Kingdom,1980,GBR,56282102.0,1160744168000.0,579.039,10.288,-10.158,57710.902,260.723,214.531,88.423,144.775,43.782,0.025,2.983,42306.977,2381.125
United Kingdom,1981,GBR,56304590.0,1145638001777.0,560.547,9.956,-3.194,58271.449,261.41,195.249,89.607,144.043,44.106,0.026,2.969,41119.059,2315.192
United Kingdom,1982,GBR,56292761.0,1163414869531.0,548.229,9.739,-2.197,58819.68,244.74,196.245,93.314,142.396,44.925,0.026,2.927,40594.371,2285.169
United Kingdom,1983,GBR,56332060.0,1204671082289.0,545.474,9.683,-0.503,59365.156,247.221,187.285,97.169,140.965,44.642,0.026,2.886,40730.074,2294.409
United Kingdom,1984,GBR,56451312.0,1234772432695.0,529.097,9.373,-3.002,59894.25,177.551,238.801,99.609,113.334,44.056,0.026,2.719,40626.453,2293.417
United Kingdom,1985,GBR,56606416.0,1278428360152.0,559.635,9.886,5.772,60453.883,234.322,205.725,107.941,129.452,43.138,0.027,2.778,42234.191,2390.726
United Kingdom,1986,GBR,56751926.0,1334598557867.0,568.569,10.018,1.596,61022.453,248.504,201.312,108.266,137.837,44.082,0.027,2.782,43294.66,2457.055
United Kingdom,1987,GBR,56886021.0,1398101055156.0,571.649,10.049,0.542,61594.105,259.279,193.727,107.509,134.688,42.289,0.027,2.708,43120.188,2452.936
United Kingdom,1988,GBR,57026539.0,1467801408523.0,570.279,10.0,-0.24,62164.383,249.765,206.463,105.863,133.07,41.099,0.027,2.602,43588.254,2485.687
United Kingdom,1989,GBR,57182137.0,1499837502578.0,581.561,10.17,1.978,62745.945,245.88,222.613,104.71,130.092,41.107,0.028,2.62,43522.199,2488.692
United Kingdom,1990,GBR,57367867.0,1505692258761.0,601.945,10.493,3.505,63347.887,252.69,217.8,113.518,134.691,39.553,0.028,2.648,43724.711,2508.393
United Kingdom,1991,GBR,57555199.0,1488075367051.0,609.413,10.588,1.241,63957.301,253.623,218.39,121.693,137.452,38.737,0.028,2.626,44500.176,2561.217
United Kingdom,1992,GBR,57719273.0,1491752084171.0,593.846,10.289,-2.554,64551.145,237.747,218.447,122.296,132.882,37.918,0.029,2.637,44098.398,2545.327
United Kingdom,1993,GBR,57861037.0,1527509015289.0,579.613,10.017,-2.397,65130.758,207.686,219.163,137.591,128.387,37.636,0.029,2.548,44498.426,2574.725
United Kingdom,1994,GBR,58003200.0,1585373248060.0,574.017,9.896,-0.965,65704.773,195.376,215.736,145.455,122.816,37.358,0.029,2.498,43856.598,2543.823
United Kingdom,1995,GBR,58154632.0,1623858039641.0,566.159,9.735,-1.369,66270.938,181.699,211.595,154.254,126.429,37.027,0.029,2.407,43892.383,2552.545
United Kingdom,1996,GBR,58298563.0,1663446715470.0,586.761,10.065,3.639,66857.695,173.072,216.892,177.543,124.823,37.936,0.03,2.421,45906.703,2676.295
United Kingdom,1997,GBR,58447091.0,1713864597603.0,562.708,9.628,-4.099,67420.406,154.729,207.743,182.887,122.622,36.887,0.03,2.308,44997.941,2629.999
United Kingdom,1998,GBR,58626822.0,1766619867063.0,568.544,9.698,1.037,67988.945,154.088,204.934,191.361,114.569,36.63,0.03,2.34,45228.754,2651.618
United Kingdom,1999,GBR,58838663.0,1823341961805.0,561.65,9.546,-1.213,68550.602,138.313,201.663,205.231,106.575,37.565,0.03,2.261,44855.188,2639.219
United Kingdom,2000,GBR,59057333.0,1889565292321.0,569.034,9.635,1.315,69119.633,144.443,198.238,210.131,100.304,35.664,0.031,2.23,45110.676,2664.116
United Kingdom,2001,GBR,59288095.0,1939268312671.0,577.971,9.749,1.571,69697.602,153.534,198.651,210.16,97.011,34.326,0.031,2.25,45402.137,2691.806
United Kingdom,2002,GBR,59540764.0,1983994308619.0,560.273,9.41,-3.062,70257.875,141.691,196.13,207.03,92.26,33.997,0.031,2.133,44185.527,2630.84
United Kingdom,2003,GBR,59820385.0,2050625402735.0,571.619,9.556,2.025,70829.492,153.103,194.397,208.462,87.62,33.598,0.031,2.067,44612.457,2668.734
United Kingdom,2004,GBR,60169964.0,2099526641365.0,573.43,9.53,0.317,71402.922,147.662,197.952,211.734,83.165,33.456,0.032,2.004,44717.523,2690.652
United Kingdom,2005,GBR,60596107.0,2161729510824.0,570.338,9.412,-0.539,71973.266,148.033,200.448,205.438,76.798,32.053,0.032,1.927,44766.613,2712.682
United Kingdom,2006,GBR,61051093.0,2212618867772.0,567.846,9.301,-0.437,72541.109,160.844,197.183,194.126,71.09,31.329,0.032,1.856,43870.426,2678.337
United Kingdom,2007,GBR,61535859.0,2267631534502.0,559.566,9.093,-1.458,73100.672,150.844,196.16,196.52,66.371,31.065,0.033,1.776,42319.914,2604.192
United Kingdom,2008,GBR,62027303.0,2252034759561.0,544.932,8.785,-2.615,73645.602,139.219,188.8,202.655,61.309,30.562,0.033,1.7,41253.062,2558.816
United Kingdom,2009,GBR,62506222.0,2151479208521.0,494.108,7.905,-9.327,74139.711,113.823,180.264,188.07,58.192,29.219,0.033,1.568,38761.125,2422.812
United Kingdom,2010,GBR,63006482.0,2190919919855.0,511.905,8.125,3.602,74651.617,118.03,179.848,201.927,53.283,29.91,0.033,1.536,39283.996,2475.146
United Kingdom,2011,GBR,63509285.0,2223011392593.0,469.713,7.396,-8.242,75121.328,117.15,172.06,168.236,51.071,29.747,0.033,1.362,36722.008,2332.188
United Kingdom,2012,GBR,63960488.0,2255210551431.0,487.477,7.622,3.782,75608.812,148.005,170.288,158.24,49.958,29.807,0.034,1.395,37134.582,2375.146
United Kingdom,2013,GBR,64389386.0,2296252599482.0,477.611,7.418,-2.024,76086.422,142.457,165.756,157.622,47.803,29.747,0.034,1.354,37094.207,2388.473
United Kingdom,2014,GBR,64865914.0,2369725553442.0,438.807,6.765,-8.125,76525.227,115.434,166.511,144.492,46.74,30.524,0.034,1.237,34774.93,2255.708
United Kingdom,2015,GBR,65382107.0,2426435869267.0,422.461,6.461,-3.725,76947.688,91.548,170.773,147.899,46.304,30.518,0.034,1.193,34863.777,2279.467
United Kingdom,2016,GBR,65893359.0,2478973016876.0,399.43,6.062,-5.452,77347.117,47.825,173.93,165.742,45.942,30.209,0.034,1.129,34099.367,2246.922
United Kingdom,2017,GBR,66354473.0,2539548543933.0,387.367,5.838,-3.02,77734.484,39.129,174.851,161.697,46.574,30.525,0.035,1.077,33924.512,2251.043
United Kingdom,2018,GBR,66752473.0,2582848171416.0,379.73,5.689,-1.972,78114.219,33.28,173.087,161.485,46.395,30.151,0.035,1.034,33653.051,2246.424
United Kingdom,2019,GBR,67110958.0,2624285076706.0,364.753,5.435,-3.944,78478.969,24.513,168.996,159.321,45.686,30.285,0.035,0.984,32676.998,2192.985
United Kingdom,2020,GBR,67351860.0,2334804059780.0,326.263,4.844,-10.552,78805.227,22.809,143.981,149.42,44.528,28.932,0.035,0.928,29440.059,1982.843
United Kingdom,2021,GBR,67668788.0,2512190098029.0,342.366,5.059,4.935,79147.594,23.758,149.626,158.503,44.922,29.73,0.035,0.929,29422.24,1990.967
United Kingdom,2022,GBR,68179315.0,2615230634906.0,311.118,4.563,-9.127,79458.711,19.979,146.334,135.047,44.674,28.922,0.035,0.829,29480.258,2009.944
United Kingdom,2023,GBR,68682965.0,,307.826,4.482,-1.058,79766.547,17.914,154.684,125.766,44.023,28.327,0.036,0.808,28094.684,1929.626
United Kingdom,2024,GBR,69138185.0,,312.906,4.526,1.65,80079.445,16.948,159.6,126.62,43.812,28.062,0.036,0.811,28015.771,1936.96
United States,1950,USA,154202683.0,2320610040000.0,2541.485,16.481,17.397,92162.984,1257.232,896.801,319.219,518.996,147.563,0.086,42.855,,
United States,1951,USA,156481323.0,2497407750000.0,2618.704,16.735,3.038,94781.688,1211.591,960.662,376.209,534.097,149.931,0.088,41.035,,
United States,1952,USA,158794223.0,2590801532000.0,2551.216,16.066,-2.577,97332.906,1074.17,1000.967,402.787,535.708,152.94,0.089,39.445,,
United States,1953,USA,161168320.0,2709832728000.0,2612.971,16.213,2.421,99945.875,1065.955,1050.079,423.342,551.365,156.513,0.09,39.287,,
United States,1954,USA,163636303.0,2691885312000.0,2489.462,15.213,-4.727,102435.344,913.448,1063.211,443.999,550.425,160.576,0.092,36.665,,
United States,1955,USA,166200028.0,2882221470000.0,2728.508,16.417,9.602,105163.844,1026.217,1147.902,479.193,585.621,165.054,0.093,36.653,,
United States,1956,USA,168824962.0,2938405491000.0,2859.988,16.941,4.819,108023.836,1068.353,1203.785,505.888,610.403,169.871,0.094,36.082,,
United States,1957,USA,171499234.0,2993553504000.0,2835.772,16.535,-0.847,110859.609,1024.078,1193.663,540.646,620.825,174.952,0.096,34.642,,
United States,1958,USA,174215305.0,2963550372000.0,2747.108,15.768,-3.127,113606.711,888.344,1220.046,570.701,626.987,180.222,0.097,32.636,,
United States,1959,USA,177145772.0,3183157000000.0,2831.908,15.986,3.087,116438.625,910.966,1258.456,593.209,648.827,185.606,0.099,31.98,,
United States,1960,USA,180274556.0,3262376247000.0,2897.308,16.072,2.309,119335.93,917.957,1281.631,630.025,670.005,191.028,0.1,30.865,,
United States,1961,USA,183489491.0,3338583925000.0,2886.862,15.733,-0.361,122222.789,887.432,1297.316,636.415,679.998,201.644,0.101,30.662,,
United States,1962,USA,186724275.0,3539745088000.0,2993.898,16.034,3.708,125216.688,920.815,1334.748,676.367,707.143,211.578,0.103,30.715,,
United States,1963,USA,189825225.0,3692868388000.0,3126.484,16.47,4.429,128343.172,987.005,1359.256,718.455,735.74,223.722,0.104,30.452,,
United States,1964,USA,192819457.0,3906860040000.0,3264.306,16.929,4.408,131607.484,1049.172,1393.917,759.071,763.123,234.193,0.106,30.157,,
United States,1965,USA,195653774.0,4156141170000.0,3399.539,17.375,4.143,135007.016,1090.612,1464.691,782.605,786.26,246.671,0.107,30.056,73802.305,14439.7
United States,1966,USA,198265400.0,4428300240000.0,3571.417,18.013,5.056,138578.422,1132.715,1529.661,842.207,811.726,257.881,0.109,30.106,76903.805,15247.364
United States,1967,USA,200699913.0,4538979504000.0,3705.461,18.463,3.753,142283.906,1163.051,1589.193,881.283,837.64,270.501,0.111,30.28,78617.57,15778.539
United States,1968,USA,203011020.0,4754925846000.0,3840.923,18.92,3.656,146124.812,1139.607,1689.423,936.361,865.984,278.358,0.113,29.762,82357.039,16719.387
United States,1969,USA,205300034.0,4903770015000.0,4035.156,19.655,5.057,150159.984,1158.011,1781.627,1018.083,898.701,285.428,0.115,29.321,85647.445,17583.424
United States,1970,USA,207796338.0,4912635816000.0,4339.704,20.884,7.547,154499.672,1168.109,2038.082,1059.211,890.701,277.494,0.117,29.127,87613.859,18205.84
United States,1971,USA,210426423.0,5065682434000.0,4365.483,20.746,0.594,158865.156,1107.425,2097.305,1096.927,899.536,280.347,0.119,28.157,88339.711,18589.01
United States,1972,USA,212842571.0,5334296944000.0,4573.034,21.486,4.754,163438.203,1124.862,2269.172,1115.672,914.075,285.299,0.121,28.186,91683.172,19514.082
United States,1973,USA,215006548.0,5637203218000.0,4777.725,22.221,4.476,168215.922,1218.721,2321.484,1173.333,917.97,296.022,0.124,27.977,94600.812,20339.795
United States,1974,USA,217076475.0,5621366244000.0,4608.462,21.23,-3.543,172824.375,1195.945,2221.063,1131.371,915.029,289.708,0.126,27.112,91408.375,19842.607
United States,1975,USA,219129299.0,5605795188000.0,4414.455,20.145,-4.21,177238.828,1177.8,2158.561,1027.755,912.788,290.856,0.128,25.985,88164.75,19319.48
United States,1976,USA,221168755.0,5899591030000.0,4621.539,20.896,4.691,181860.391,1246.707,2287.128,1034.499,907.631,305.509,0.13,25.873,92131.039,20376.508
United States,1977,USA,223259417.0,6166912239000.0,4749.501,21.273,2.769,186609.875,1277.583,2406.244,1011.157,897.512,300.893,0.132,25.872,93593.57,20895.646
United States,1978,USA,225396097.0,6518624310000.0,4897.339,21.728,3.113,191507.219,1302.327,2501.624,1036.079,890.415,301.869,0.135,25.742,94763.359,21359.291
United States,1979,USA,227575082.0,6740172195000.0,4908.766,21.57,0.233,196415.984,1398.657,2392.395,1058.97,913.736,299.466,0.137,25.162,94845.18,21584.4
United States,1980,USA,229858656.0,6743208466156.0,4730.218,20.579,-3.637,201146.203,1429.848,2207.236,1040.906,924.203,286.517,0.139,24.37,90281.383,20751.957
United States,1981,USA,232201613.0,6911865140375.0,4543.633,19.568,-3.945,205689.828,1456.649,2036.676,1000.57,921.391,283.002,0.141,24.066,86726.758,20138.094
United States,1982,USA,234583155.0,6782206459531.0,4311.918,18.381,-5.1,210001.75,1404.553,1932.932,931.614,916.407,267.089,0.143,23.022,82350.93,19318.141
United States,1983,USA,236986362.0,7066236631843.0,4346.381,18.34,0.799,214348.141,1476.307,1940.38,884.263,885.413,271.376,0.145,22.995,81230.547,19250.531
United States,1984,USA,239353967.0,7581107970562.0,4479.379,18.714,3.06,218827.516,1552.073,1953.673,924.368,898.967,275.424,0.148,23.022,84542.945,20235.689
United States,1985,USA,241690438.0,7874872005718.0,4495.378,18.6,0.357,223322.891,1598.528,1954.506,895.12,890.469,268.876,0.15,22.315,83512.805,20184.246
United States,1986,USA,243953807.0,8146027887500.0,4498.136,18.438,0.061,227821.031,1577.181,2036.233,837.016,878.677,262.838,0.152,22.009,83506.0,20371.607
United States,1987,USA,246161292.0,8432566640312.0,4691.93,19.06,4.308,232512.969,1661.618,2082.855,897.36,876.751,260.236,0.154,22.23,85534.43,21055.266
United States,1988,USA,248393236.0,8787202692343.0,4897.776,19.718,4.387,237410.734,1737.957,2172.407,935.151,881.599,257.685,0.156,22.345,88627.953,22014.584
United States,1989,USA,250675047.0,9091291640062.0,4960.238,19.788,1.275,242370.969,1751.781,2163.698,992.456,881.154,259.341,0.159,22.343,89944.43,22546.824
United States,1990,USA,253373387.0,9250377579093.0,5131.761,20.254,3.458,247502.734,1781.824,2139.346,1004.975,865.684,250.736,0.161,22.575,89232.719,22609.195
United States,1991,USA,256471424.0,9224688313722.0,5076.413,19.793,-1.079,252579.156,1764.221,2082.099,1023.332,858.307,247.286,0.163,21.876,88039.898,22579.719
United States,1992,USA,259606021.0,9552658514601.0,5178.77,19.949,2.016,257757.922,1780.599,2130.489,1058.593,861.007,254.862,0.166,22.996,88261.094,22913.111
United States,1993,USA,262633229.0,9814940456277.0,5279.52,20.102,1.945,263037.438,1847.292,2144.156,1090.166,860.638,257.667,0.168,23.207,89083.875,23396.387
United States,1994,USA,265474811.0,10211204686187.0,5361.863,20.197,1.56,268399.281,1855.938,2181.844,1114.334,866.237,266.861,0.171,23.338,89741.586,23824.131
United States,1995,USA,268205796.0,10488856843750.0,5425.837,20.23,1.193,273825.125,1875.787,2174.303,1163.186,849.756,266.609,0.173,23.072,90763.953,24343.418
United States,1996,USA,270860695.0,10886952373500.0,5601.094,20.679,3.23,279426.25,1951.815,2257.023,1181.318,843.439,273.587,0.176,23.113,92908.914,25165.373
United States,1997,USA,273468014.0,11375561318703.0,5673.144,20.745,1.286,285099.375,1992.723,2273.815,1186.717,839.523,272.127,0.178,23.269,92713.203,25354.096
United States,1998,USA,276119323.0,11881792533609.0,5736.36,20.775,1.114,290835.719,2018.609,2320.08,1165.559,823.264,270.791,0.181,23.611,92399.773,25513.363
United States,1999,USA,278785482.0,12438444530000.0,5800.281,20.806,1.114,296636.031,2013.12,2374.201,1168.759,809.276,268.957,0.184,23.353,93136.398,25965.076
United States,2000,USA,281484126.0,12947417795437.0,6023.158,21.398,3.843,302659.188,2122.34,2440.405,1227.529,799.68,268.434,0.186,23.61,94308.109,26546.236
United States,2001,USA,284279634.0,13073810008320.0,5903.562,20.767,-1.986,308562.719,2054.729,2448.622,1173.162,776.109,261.563,0.189,22.977,91172.055,25918.357
United States,2002,USA,287084335.0,13307343638671.0,5947.819,20.718,0.75,314510.531,2060.072,2443.823,1212.087,757.572,257.693,0.192,22.645,91601.203,26297.27
United States,2003,USA,289908091.0,13680911930765.0,6006.44,20.718,0.986,320516.969,2100.323,2505.134,1176.551,764.525,263.692,0.195,21.721,91004.992,26383.084
United States,2004,USA,292786248.0,14198910513593.0,6111.545,20.874,1.75,326628.531,2115.293,2571.107,1177.528,765.332,263.281,0.198,21.362,91872.883,26899.117
United States,2005,USA,295716666.0,14673826218839.0,6126.903,20.719,0.251,332755.438,2139.954,2584.13,1160.661,772.655,261.767,0.2,20.7,91007.938,26912.564
United States,2006,USA,298730208.0,15065164240312.0,6045.326,20.237,-1.331,338800.781,2103.871,2550.54,1146.714,785.023,265.772,0.203,19.76,89378.18,26699.963
United States,2007,USA,301844223.0,15333183877566.0,6121.542,20.28,1.261,344922.312,2130.169,2538.968,1221.593,793.939,266.411,0.206,19.434,89671.125,27066.711
United States,2008,USA,304970325.0,15288552732632.0,5919.221,19.409,-3.305,350841.531,2096.888,2370.623,1229.733,810.64,254.756,0.209,18.469,86589.57,26407.25
United States,2009,USA,308023452.0,14864003344421.0,5486.104,17.811,-7.317,356327.656,1842.392,2243.79,1211.966,772.483,250.126,0.211,17.409,81521.477,25110.527
United States,2010,USA,311062785.0,15239586726210.0,5669.25,18.225,3.338,361996.875,1946.51,2258.293,1266.778,756.187,256.39,0.214,17.016,83435.078,25953.547
United States,2011,USA,314105075.0,15477885525000.0,5538.973,17.634,-2.298,367535.844,1840.243,2212.686,1287.589,764.383,255.979,0.216,16.064,81912.359,25729.088
United States,2012,USA,317115349.0,15830886903539.0,5331.467,16.812,-3.746,372867.344,1625.427,2152.244,1344.719,749.641,249.914,0.219,15.252,78985.039,25047.367
United States,2013,USA,320110752.0,16122472460312.0,5473.436,17.099,2.663,378340.781,1684.672,2178.417,1381.183,748.067,254.243,0.221,15.516,80374.148,25728.629
United States,2014,USA,323115377.0,16491319003554.0,5531.385,17.119,1.059,383872.125,1682.162,2210.569,1411.355,763.215,252.467,0.224,15.596,80453.969,25995.914
United States,2015,USA,326126496.0,16937633974582.0,5368.497,16.461,-2.945,389240.656,1446.99,2235.988,1444.047,754.889,249.664,0.226,15.164,78949.203,25747.426
United States,2016,USA,329179423.0,17220065720000.0,5245.362,15.935,-2.294,394486.031,1319.993,2252.27,1451.146,733.371,251.182,0.228,14.82,78155.102,25727.051
United States,2017,USA,332204657.0,17606124654726.0,5195.417,15.639,-0.952,399681.406,1277.049,2259.157,1424.996,749.256,247.069,0.231,14.442,77729.664,25822.156
United States,2018,USA,335056492.0,18124692769570.0,5361.236,16.001,3.192,405042.656,1224.38,2305.441,1577.716,777.6,249.199,0.233,14.595,79893.953,26768.988
United States,2019,USA,337790069.0,18540552700117.0,5235.912,15.5,-2.338,410278.562,1043.896,2299.82,1632.056,799.062,244.477,0.236,14.118,78683.469,26578.494
United States,2020,USA,339436156.0,18027359681343.0,4689.954,13.817,-10.427,414968.5,853.925,1991.579,1612.504,761.174,241.329,0.238,13.34,72562.672,24630.395
United States,2021,USA,340161438.0,19099378164000.0,5020.111,14.758,7.04,419988.625,979.504,2182.605,1617.424,789.44,244.912,0.24,13.617,76307.383,25956.828
United States,2022,USA,341534041.0,19493170182843.0,5055.403,14.802,0.703,425044.062,916.343,2198.937,1707.391,801.907,241.442,0.242,13.471,77627.719,26512.51
United States,2023,USA,343477330.0,,4918.407,14.319,-2.71,429962.469,758.572,2199.111,1723.424,819.061,239.774,0.245,12.911,76326.859,26216.545
United States,2024,USA,345426566.0,,4904.12,14.197,-0.29,434866.562,732.886,2189.161,1748.138,818.348,239.599,0.247,12.705,76799.57,26528.611
World,1950,,2493092852.0,8461551701531.0,5930.406,2.379,13.958,231890.109,3879.955,1551.783,353.156,3607.457,1002.077,0.297,100.0,,
World,1951,,2536927034.0,,6381.651,2.516,7.609,238271.75,4084.146,1720.176,416.186,3723.34,1018.664,0.303,100.0,,
World,1952,,2584086340.0,,6467.7,2.503,1.348,244739.453,4030.056,1819.094,447.086,3800.598,1036.231,0.309,100.0,,
World,1953,,2634106241.0,,6651.039,2.525,2.835,251390.484,4061.101,1938.059,474.53,3889.637,1054.886,0.315,100.0,,
World,1954,,2685894857.0,,6789.734,2.528,2.085,258180.234,4053.676,2054.232,501.356,3988.856,1074.734,0.322,100.0,,
World,1955,,2740213796.0,,7444.103,2.717,9.638,265624.344,4386.083,2299.538,547.242,4180.018,1095.884,0.328,100.0,,
World,1956,,2795409991.0,,7926.275,2.835,6.477,273550.594,4608.297,2499.033,587.242,4309.005,1118.44,0.336,100.0,,
World,1957,,2852618331.0,,8185.976,2.87,3.276,281736.562,4691.583,2612.05,646.687,4435.85,1142.511,0.343,100.0,,
World,1958,,2911249671.0,,8417.517,2.891,2.829,290154.094,4761.458,2719.235,705.853,4525.489,1168.204,0.35,100.0,,
World,1959,,2965950350.0,,8855.112,2.986,5.199,299009.219,4953.932,2897.693,758.26,4725.665,1195.624,0.358,100.0,,
World,1960,,3015470889.0,13338076573731.0,9386.951,3.113,6.006,308396.156,5158.323,3119.97,834.618,4861.831,1224.879,0.366,100.0,,
World,1961,,3064869675.0,,9414.99,3.072,0.299,317811.156,4944.186,3309.097,882.126,4904.216,1296.961,0.373,100.0,,
World,1962,,3123374312.0,,9747.241,3.121,3.529,327558.406,4928.587,3558.261,967.82,4981.43,1341.992,0.381,100.0,,
World,1963,,3192807826.0,,10266.777,3.216,5.33,337825.156,5107.931,3803.658,1046.95,5105.29,1386.239,0.388,100.0,,
World,1964,,3264487343.0,,10824.47,3.316,5.432,348649.656,5213.215,4104.341,1152.992,5205.581,1436.231,0.396,100.0,,
World,1965,,3334533710.0,,11310.603,3.392,4.491,359960.25,5289.088,4409.442,1230.667,5343.486,1493.052,0.404,100.0,13003.41,43360.309
World,1966,,3404041131.0,,11862.625,3.485,4.881,371822.875,5349.978,4758.873,1339.98,5545.599,1556.812,0.412,100.0,13434.752,45732.449
World,1967,,3473412877.0,,12237.371,3.523,3.159,384060.219,5261.868,5074.54,1433.099,5608.186,1613.397,0.42,100.0,13649.56,47410.555
World,1968,,3545187246.0,,12905.273,3.64,5.458,396965.5,5319.659,5528.198,1559.751,5702.289,1665.257,0.428,100.0,14173.228,50246.746
World,1969,,3619491581.0,,13761.798,3.802,6.637,410727.312,5518.273,5978.462,1708.72,5885.07,1704.999,0.437,100.0,14836.449,53700.402
World,1970,,3694683794.0,21941934246399.0,14899.139,4.033,8.264,425626.469,5698.858,6799.016,1790.936,6036.888,1731.281,0.447,100.0,15475.645,57177.613
World,1971,,3769847867.0,,15503.862,4.113,4.059,441130.312,5700.055,7201.027,1933.588,6056.77,1719.66,0.456,100.0,15766.833,59438.562
World,1972,,3844917684.0,,16224.579,4.22,4.649,457354.906,5691.283,7764.705,2052.349,6183.963,1780.741,0.466,100.0,16308.279,62703.992
World,1973,,3920805041.0,,17077.285,4.356,5.256,474432.188,5860.898,8219.69,2202.723,6345.583,1838.919,0.477,100.0,16919.395,66337.648
World,1974,,3996416100.0,,16997.912,4.253,-0.465,491430.094,5857.693,8099.29,2256.541,6363.316,1852.229,0.487,100.0,16689.08,66696.508
World,1975,,4070735279.0,,16988.477,4.173,-0.056,508418.562,6018.315,8005.122,2241.266,6448.271,1906.747,0.497,100.0,16497.584,67157.297
World,1976,,4144246382.0,,17862.492,4.31,5.145,526281.062,6226.34,8475.642,2359.009,6544.579,1955.474,0.508,100.0,17070.598,70744.766
World,1977,,4217863796.0,,18358.039,4.352,2.774,544639.062,6375.023,8767.405,2411.72,6627.559,2001.852,0.519,100.0,17379.928,73306.172
World,1978,,4292097499.0,,19024.742,4.433,3.632,563663.875,6510.128,9133.723,2541.737,6657.352,2040.121,0.53,100.0,17748.674,76179.039
World,1979,,4368539520.0,,19508.59,4.466,2.543,583172.438,6799.882,9224.317,2668.065,6825.825,2098.113,0.541,100.0,18014.863,78698.641
World,1980,,4447606240.0,31982615792285.0,19409.793,4.364,-0.506,602582.25,6984.99,8912.474,2741.514,6785.667,2117.527,0.552,100.0,17539.898,78010.562
World,1981,,4528777306.0,,18879.756,4.169,-2.731,621461.938,6942.941,8483.404,2763.373,6610.78,2069.155,0.563,100.0,17146.965,77654.789
World,1982,,4612673415.0,,18729.742,4.06,-0.795,640191.688,7066.997,8276.258,2701.499,6683.251,2127.098,0.574,100.0,16753.32,77277.594
World,1983,,4697327573.0,,18901.775,4.024,0.919,659093.5,7269.239,8214.693,2743.12,6684.616,2165.249,0.585,100.0,16732.732,78599.125
World,1984,,4782175518.0,,19457.25,4.069,2.939,678550.75,7586.115,8238.706,2972.027,6767.443,2177.692,0.597,100.0,17174.082,82129.477
World,1985,,4868943457.0,,20144.863,4.137,3.534,698695.625,8144.824,8247.613,3089.7,6857.225,2176.914,0.609,100.0,17320.572,84332.883
World,1986,,4958072839.0,,20438.045,4.122,1.455,719133.688,8261.466,8490.594,3014.606,6942.08,2184.726,0.621,100.0,17385.945,86200.781
World,1987,,5049746390.0,,21106.189,4.18,3.269,740239.875,8549.229,8579.333,3281.567,7003.95,2231.983,0.633,100.0,17688.301,89321.43
World,1988,,5141992540.0,,21918.756,4.263,3.85,762158.562,8836.429,8889.34,3435.978,7115.852,2229.207,0.645,100.0,18021.527,92666.555
World,1989,,5234431736.0,,22200.213,4.241,1.284,784358.812,8827.798,9037.386,3604.958,7274.316,2249.944,0.658,100.0,18044.754,94454.031
World,1990,,5327803106.0,43033605109062.0,22732.145,4.267,2.396,807091.0,8659.787,9196.439,3790.182,7320.985,2266.202,0.67,100.0,17991.711,95856.289
World,1991,,5418735886.0,,23205.592,4.282,2.083,830296.562,8574.09,9656.487,3851.52,7265.909,2263.283,0.683,100.0,17811.609,96516.406
World,1992,,5505989815.0,,22520.424,4.09,-2.953,852816.938,8361.174,9154.655,3901.366,7268.79,2271.714,0.696,100.0,17636.227,97104.883
World,1993,,5591544802.0,,22749.873,4.069,1.019,875566.875,8470.028,9172.321,4007.804,7261.674,2256.92,0.708,100.0,17507.65,97894.812
World,1994,,5675551258.0,,22974.598,4.048,0.988,898541.438,8513.747,9196.235,4040.174,7336.296,2286.923,0.721,100.0,17467.422,99137.25
World,1995,,5758878977.0,,23516.639,4.084,2.359,922058.125,8758.441,9283.901,4196.848,7426.246,2342.963,0.734,100.0,17592.896,101315.359
World,1996,,5842055730.0,,24233.477,4.148,3.048,946291.562,8976.964,9562.137,4381.599,7512.808,2393.537,0.748,100.0,17844.033,104245.836
World,1997,,5924787819.0,,24380.322,4.115,0.606,970671.938,8927.3,9702.211,4395.058,7485.23,2350.142,0.762,100.0,17767.602,105269.266
World,1998,,6007066691.0,,24295.713,4.045,-0.347,994967.625,8689.001,9821.975,4443.504,7419.233,2378.566,0.776,100.0,17621.312,105852.398
World,1999,,6089006328.0,,24837.771,4.079,2.231,1019805.375,8809.093,10064.188,4586.166,7436.038,2398.701,0.79,100.0,17673.488,107613.984
World,2000,,6171702992.0,59897670914608.0,25511.482,4.134,2.712,1045316.812,9156.638,10211.624,4727.823,7544.741,2390.251,0.804,100.0,17890.75,110416.398
World,2001,,6254936464.0,,25692.994,4.108,0.711,1071009.875,9208.429,10283.57,4771.715,7523.762,2385.423,0.817,100.0,17824.848,111493.289
World,2002,,6337730343.0,,26265.332,4.144,2.228,1097275.125,9630.182,10269.353,4913.652,7480.677,2402.932,0.831,100.0,17970.854,113894.43
World,2003,,6420361633.0,,27652.691,4.307,5.282,1124927.875,10466.565,10540.85,5096.196,7668.747,2419.463,0.847,100.0,18355.602,117849.602
World,2004,,6503377774.0,,28610.023,4.399,3.462,1153537.875,10813.392,10924.574,5257.67,7809.036,2487.873,0.862,100.0,19042.68,123841.742
World,2005,,6586970132.0,,29598.951,4.494,3.457,1183136.875,11498.5,11030.305,5376.289,7929.648,2510.292,0.878,100.0,19422.695,127936.719
World,2006,,6671452019.0,,30594.152,4.586,3.362,1213731.0,12136.238,11142.928,5531.006,8057.693,2546.306,0.894,100.0,19708.033,131481.203
World,2007,,6757308776.0,,31499.256,4.662,2.958,1245230.25,12724.451,11184.312,5736.637,8108.338,2612.956,0.91,100.0,20069.822,135617.984
World,2008,,6844457659.0,,32049.66,4.683,1.747,1277279.875,13149.669,11143.34,5905.5,8177.437,2582.949,0.927,100.0,20049.713,137229.406
World,2009,,6932766416.0,,31513.014,4.546,-1.674,1308793.0,13003.172,10899.597,5765.684,8124.256,2552.738,0.943,100.0,19477.537,135033.219
World,2010,,7021732143.0,89807710403740.0,33317.672,4.745,5.727,1342110.5,13918.224,11253.694,6205.78,8257.109,2617.387,0.961,100.0,20166.256,141602.047
World,2011,,7110923773.0,,34479.988,4.849,3.489,1376590.625,14704.223,11310.148,6389.33,8498.255,2703.093,0.979,100.0,20378.969,144913.297
World,2012,,7201202478.0,,34954.734,4.854,1.377,1411545.25,14867.802,11432.716,6523.143,8568.392,2717.485,0.997,100.0,20413.594,147002.422
World,2013,,7291793585.0,,35275.82,4.838,0.919,1446821.125,14953.153,11516.626,6573.116,8520.598,2700.372,1.015,100.0,20516.178,149599.734
World,2014,,7381616239.0,,35465.695,4.805,0.538,1482286.875,15014.883,11561.832,6604.976,8601.788,2733.968,1.033,100.0,20488.625,151239.172
World,2015,,7470491876.0,106871829405667.0,35403.527,4.739,-0.175,1517690.375,14655.017,11770.022,6728.989,8616.349,2741.356,1.052,100.0,20394.59,152357.625
World,2016,,7558554527.0,110407200853028.0,35392.832,4.682,-0.03,1553083.125,14322.989,11900.264,6914.85,8652.835,2759.229,1.07,100.0,20403.568,154221.484
World,2017,,7645617952.0,114529588369027.0,35974.609,4.705,1.644,1589057.75,14494.168,12085.292,7084.615,8797.017,2814.724,1.088,100.0,20616.426,157625.312
World,2018,,7729902779.0,118765812557841.0,36734.004,4.752,2.111,1625791.75,14762.694,12142.828,7419.413,8935.43,2814.039,1.106,100.0,20932.492,161806.125
World,2019,,7811293699.0,122149370355621.0,37086.566,4.748,0.96,1662878.375,14702.956,12325.908,7574.056,9008.441,2819.104,1.124,100.0,20956.146,163694.609
World,2020,,7887001289.0,118590021803593.0,35158.23,4.458,-5.2,1698036.625,14267.035,10932.342,7520.82,8903.343,2852.967,1.142,100.0,20032.188,157993.891
World,2021,,7954448387.0,126004793520756.0,36866.863,4.635,4.86,1734903.5,14969.249,11513.166,7878.698,9089.303,2895.432,1.16,100.0,20874.295,166043.5
World,2022,,8021407196.0,130112562171125.0,37527.773,4.678,1.793,1772431.25,15449.177,11914.912,7758.746,9278.556,2881.229,1.179,100.0,21076.293,169061.531
World,2023,,8091734933.0,,38094.039,4.708,1.509,1810525.375,15636.373,12278.241,7802.845,9416.93,2911.154,1.197,100.0,21285.768,172238.781
World,2024,,8161972574.0,,38598.578,4.729,1.324,1849123.875,15805.254,12470.596,8009.828,9498.914,2935.779,1.216,100.0,21653.723,176737.094
